,fft_ratio,fft_total,fft_nfft,fft_window,fft_resampling_frequency,fft_interpolation,fft_peak_VLF,fft_peak_LF,fft_peak_HF,fft_abs_VLF,fft_abs_LF,fft_abs_HF,fft_rel_VLF,fft_rel_LF,fft_rel_HF,fft_log_VLF,fft_log_LF,fft_log_HF
0,1.8254239951746274,317.9029169631793,4096.0,hamming,4.0,cubic,0.0068359375,0.046875,0.2822265625,210.83850740147273,69.17119079363653,37.89321876807001,66.32166493328931,21.75858952613769,11.919745540572986,5.3510924726670925,4.236584457928188,3.634772171754184
1,0.5631966972027019,478.6564497355606,4096.0,hamming,4.0,cubic,0.0029296875,0.0400390625,0.216796875,362.48000104926246,41.85665969608807,74.31978899021013,75.72863611250173,8.744614163083414,15.526749724414865,5.89296930325356,3.73425091679826,4.308377255295553
2,2.1833486369117456,243.23897747683748,4096.0,hamming,4.0,cubic,0.0029296875,0.0546875,0.23828125,172.87452539942868,48.26054198050175,22.103910096907036,71.07188461022483,19.84079298520213,9.087322404573046,5.152566044641623,3.8766142905627876,3.0957545203357464
3,1.1841921203267447,871.5175892073861,4096.0,hamming,4.0,cubic,0.0078125,0.0400390625,0.2265625,663.2674811654293,112.90588163260432,95.34422640935247,76.10488754089832,12.955089263922734,10.940023195178954,6.497178349497395,4.7265545657473345,4.557493778659385
4,0.7112402752803176,281.8805168142652,4096.0,hamming,4.0,cubic,0.00390625,0.0419921875,0.25,217.9765623623867,26.560306470352128,37.343647981526416,77.32941773553449,9.422540717084418,13.248041547381098,5.384387544910106,3.27941786333504,3.6201628296867097
5,1.2414866851268505,45.53077062938433,4096.0,hamming,4.0,cubic,0.0107421875,0.052734375,0.24609375,24.873317097294308,11.441492683801075,9.215960848288942,54.6296861517247,25.1291434905278,20.241170357747492,3.2137956263758674,2.4372464567932024,2.220936855711975
6,1.203828176717236,1813.7744018437124,4096.0,hamming,4.0,cubic,0.00390625,0.0703125,0.3056640625,1683.4626129752546,71.18204806327087,59.12974080518687,92.8154356607969,3.924526004497246,3.2600383347058566,7.428608030439623,4.265240652683999,4.0797340263492075
7,1.2445272234062468,504.3491057528783,4096.0,hamming,4.0,cubic,0.00390625,0.0439453125,0.34375,424.9202866710967,44.04104643483546,35.38777264694618,84.25122238231938,8.732254292211387,7.0165233254692305,6.051901590558805,3.7851220725811703,3.5663663550200275
8,1.2030370101551908,745.8398524337778,4096.0,hamming,4.0,cubic,0.0029296875,0.04296875,0.2685546875,697.5436594631351,26.3736411714605,21.922551799182237,93.52458938563747,3.5360997518970985,2.93931086246544,6.547565105948965,3.2723650709035734,3.087515869500478
9,0.9026070625431217,395.8330286221858,4096.0,hamming,4.0,cubic,0.0048828125,0.0478515625,0.2783203125,331.993536407204,30.28579977275431,33.5536924422275,83.87211586734081,7.651155306107986,8.476728826551204,5.805115500073971,3.410678948297999,3.513146915252302
10,2.5549672038392894,839.6296941626023,4096.0,hamming,4.0,cubic,0.00390625,0.05078125,0.3857421875,785.5256011136828,38.88479848257629,15.219294566343166,93.55619585335417,4.6311842890880275,1.8126198575578016,6.666353049288921,3.6606033897386285,2.7225640022360724
11,6.690763209458277,662.3554263435497,4096.0,hamming,4.0,cubic,0.0029296875,0.041015625,0.25,494.6478078893737,145.90124971200413,21.806368742171813,74.68011708155169,22.02763711281626,3.2922458056320525,6.203846010119613,4.982930021030124,3.082202071265576
12,1.5445134638029825,168.1531479340418,4096.0,hamming,4.0,cubic,0.0107421875,0.0400390625,0.271484375,110.37778780523465,35.0695026237511,22.70585750505607,65.64122596653999,20.855692001381463,13.503082032078554,4.703908916183726,3.5573318816663178,3.122622931071107
13,1.673333519861102,432.1573034063582,4096.0,hamming,4.0,cubic,0.0029296875,0.076171875,0.23046875,383.691747361249,30.336296944049792,18.12925910105949,88.78520490962593,7.019734875456801,4.195060214917278,5.949839488971694,3.4123449145284552,2.897527158022155
14,3.429208056374592,385.12927564949655,4096.0,hamming,4.0,cubic,0.00390625,0.0498046875,0.2177734375,313.5280438267396,55.43553562799201,16.165696194764937,81.40852011262817,14.394007190054154,4.197472697317672,5.747888810064995,4.01522082544862,2.782891478283706
15,1.7867351963129743,178.60243584152963,4096.0,hamming,4.0,cubic,0.0048828125,0.0400390625,0.244140625,123.68336604308794,35.21175427341331,19.70731552502838,69.25066025013776,19.7151590388476,11.034180711014653,4.817724800211719,3.5613799550844005,2.980989913260056
16,0.38271491767573834,117.12500304069849,4096.0,hamming,4.0,cubic,0.00390625,0.041015625,0.2705078125,71.64839631663722,12.58724815656657,32.88935856749469,61.172588650214074,10.746849801312504,28.08056154847341,4.271770771841382,2.532684250421814,3.4931491576542912
17,0.6614947188638268,282.8589698775898,4096.0,hamming,4.0,cubic,0.0068359375,0.0400390625,0.2568359375,219.33188646033162,25.292184024559756,38.23489939269844,77.54107517087043,8.941623465398752,13.517301363730835,5.390586045950031,3.230495416168622,3.6437486952045988
18,1.2477665621627745,184.95516032540155,4096.0,hamming,4.0,cubic,0.0185546875,0.0830078125,0.2685546875,74.45498955363124,61.34018564170931,49.15998513006099,40.25569733909482,33.164895498882125,26.579407162023045,4.310194775737696,4.116435185119565,3.8950799822173363
19,4.168525558769296,399.3076615120248,4096.0,hamming,4.0,cubic,0.0322265625,0.046875,0.212890625,289.8113602599176,88.31109088464996,21.185210367457284,72.5784622219652,22.1160522065241,5.305485571510705,5.66923022946305,4.480865704304992,3.053303314048445
20,5.621126346922439,373.97240660818335,4096.0,hamming,4.0,cubic,0.0029296875,0.0439453125,0.25390625,255.6209826719584,100.47660661133948,17.874817324885488,68.35289934633504,26.867385089352425,4.779715564312532,5.543695810964853,4.609924930367558,2.883392868941025
21,1.445921825260609,364.48791824197815,4096.0,hamming,4.0,cubic,0.0048828125,0.052734375,0.2119140625,287.9413258071142,45.25099187873906,31.29560055612491,78.9988670120896,12.414949745658673,8.586183242251728,5.662756729543795,3.8122245898778298,3.4434775303546994
22,1.232188335347611,476.9011225187921,4096.0,hamming,4.0,cubic,0.005859375,0.044921875,0.330078125,362.66684133742035,63.058365882279176,51.17591529909254,76.04654806052163,13.222524105045357,10.730927834433011,5.8934846203765785,4.144060740084339,3.9352690170560445
23,1.835434998944263,1211.625714261029,4096.0,hamming,4.0,cubic,0.0029296875,0.044921875,0.205078125,980.4592045410087,149.63880416299216,81.52770555702816,80.92096371023217,12.35024994944556,6.728786340322261,6.8880210379793905,5.0082244180218725,4.400942907963451
24,5.092995282102659,405.20623135411097,4096.0,hamming,4.0,cubic,0.0029296875,0.0517578125,0.2578125,321.2405041539441,70.18502931471065,13.780697885456227,79.27827345606909,17.32081687889339,3.400909665037514,5.772190076718681,4.25113503066392,2.6232689091112515
25,3.4198537355755345,290.4398402957621,4096.0,hamming,4.0,cubic,0.005859375,0.0673828125,0.1806640625,226.70404241082485,49.315456919369595,14.420340965567696,78.05542179749393,16.979577205782252,4.965000996723832,5.423645388897621,3.8982375596853416,2.6686397769009527
26,3.0851671081006513,316.146846769453,4096.0,hamming,4.0,cubic,0.001953125,0.046875,0.3115234375,256.64954182674086,44.93307700091452,14.56422794179764,81.18048446451847,14.212723441673777,4.6067920938077425,5.547711503798176,3.8051742050664035,2.678568381234218
27,6.139159435173663,234.56723044186845,4096.0,hamming,4.0,cubic,0.017578125,0.0595703125,0.259765625,124.95409595252994,94.25934732648435,15.353787162854154,53.270056400097474,40.18436298579402,6.545580614108501,4.827946437476218,4.5460499972883355,2.7313621643097687
28,0.7693415840819963,133.02713186110665,4096.0,hamming,4.0,cubic,0.029296875,0.068359375,0.2568359375,74.49712317309425,25.449901819682584,33.080106868329814,56.00145032885212,19.131361748259575,24.867187922888302,4.310760509513679,3.236711885216304,3.498932100752745
29,0.9997757293662645,65.6367903203739,4096.0,hamming,4.0,cubic,0.0166015625,0.041015625,0.294921875,43.24941237183534,11.192433625640318,11.194944322898248,65.89202817617144,17.052073343333706,17.055898480494857,3.7669836465072137,2.415237980862133,2.415462276648288
30,1.5438404553906488,470.92429617508276,4096.0,hamming,4.0,cubic,0.0029296875,0.05859375,0.2998046875,419.61066537273206,31.14191339231736,20.171717410033345,89.10363486888919,6.612934105387345,4.283431025723463,6.039327294151285,3.438554609358188,3.004281495095597
31,0.8623028447273926,222.37595980902387,4096.0,hamming,4.0,cubic,0.0048828125,0.05859375,0.2626953125,180.82813931848335,19.237904244548655,22.309916245991865,81.31640644689215,8.651071932896945,10.03252162021092,5.197547073671236,2.9568825123060734,3.10503125433573
32,1.9682485794827478,202.9439772818955,4096.0,hamming,4.0,cubic,0.009765625,0.0400390625,0.279296875,75.00362133811524,84.83737702613337,43.102978917646915,36.957796108397375,41.80334797927588,21.238855912326745,4.317536396878855,4.440736212506308,3.7635921111399946
33,1.35995652007908,159.53301482691037,4096.0,hamming,4.0,cubic,0.0029296875,0.0458984375,0.275390625,69.69561218116453,51.77000526728249,38.06739737846334,43.68726577177938,32.450966543478,23.861767684742613,4.244137362860391,3.94681093265772,3.6393582039509162
34,0.5041768258113446,136.74285673397662,4096.0,hamming,4.0,cubic,0.0126953125,0.0517578125,0.287109375,78.56836787068109,19.499189613211335,38.675299250084215,57.457018046310225,14.259750073194393,28.28323188049539,4.363969174039312,2.9703729064092768,3.6552011339879336
35,1.187427745299147,67.6095029238356,4096.0,hamming,4.0,cubic,0.0048828125,0.046875,0.251953125,25.562904052222116,22.82466161586962,19.22193725574387,37.80963170372601,33.75954655602538,28.430821740248607,3.241142240121997,3.127841601217562,2.9560521922059757
36,0.4166534225727126,75.19659742147076,4096.0,hamming,4.0,cubic,0.0224609375,0.046875,0.26953125,24.131786061663295,15.018725178000736,36.04608618180673,32.09159308952055,19.972612715203077,47.93579419527638,3.183529895201214,2.709297767767243,3.5847982914518126
37,0.8176135951303451,36.76399471612057,4096.0,hamming,4.0,cubic,0.037109375,0.0771484375,0.2724609375,9.491665896831131,12.267858731501788,15.004470087787652,25.817830652307077,33.36922123460778,40.81294811308514,2.2504141395586674,2.5069827309836983,2.708348162559796
38,1.2433854336557577,311.22426548543154,4096.0,hamming,4.0,cubic,0.0146484375,0.0400390625,0.275390625,250.2160377141861,33.81351265186086,27.19471511938464,80.39734219435366,10.864677469515524,8.737980336130837,5.522324695555604,3.5208605051966355,3.3030226573423813
39,1.16593251521412,93.28266961695006,4096.0,hamming,4.0,cubic,0.0078125,0.0537109375,0.283203125,57.60335302140581,19.206358022309548,16.47295857323471,61.75139847299022,20.589417199547675,17.659184327462114,4.053580778184767,2.95524137121196,2.8017201621334618
40,1.2864341523492557,71.63204457365893,4096.0,hamming,4.0,cubic,0.00390625,0.0498046875,0.275390625,29.11852457310549,23.919710965260723,18.593809035292722,40.65013744395225,33.392472751024414,25.957389805023347,3.3713745549124963,3.174702845617316,2.9228286777482024
41,1.4462779274001372,126.43829577800358,4096.0,hamming,4.0,cubic,0.0126953125,0.056640625,0.275390625,93.49668249650773,19.475599092132807,13.466014189363033,73.94649059543343,15.40324390825977,10.650265496306785,4.5379259543443915,2.9691623533957503,2.60016904384027
42,1.4429274570009367,105.09921026932793,4096.0,hamming,4.0,cubic,0.0048828125,0.072265625,0.306640625,25.6743156552468,46.91271567628033,32.512178937800805,24.428647550684378,44.63660150829059,30.93475094102504,3.24549110133074,3.848288761866619,3.481614755687205
43,0.7889356488837893,438.0902375981591,4096.0,hamming,4.0,cubic,0.0029296875,0.091796875,0.2587890625,310.8691399985308,56.10557274606064,71.11552485356765,70.9600701679359,12.806853002171623,16.23307682989247,5.739372051921074,4.027235143532073,4.264305665344639
44,11.074330278604005,95.44615964835832,4096.0,hamming,4.0,cubic,0.013671875,0.0537109375,0.2568359375,62.05114250267681,30.629230855666055,2.765786290015461,65.01167017225727,32.09058485800783,2.8977449697349162,4.127958924094753,3.4219548097121004,1.0173249670672513
45,3.384907827939561,295.7589544578491,4096.0,hamming,4.0,cubic,0.00390625,0.0546875,0.392578125,222.96043007874306,56.196459470181026,16.60206490892503,75.38585957184227,19.000763501207878,5.613376926949855,5.406994312122062,4.0288537561639135,2.809527079730359
46,2.173106800441602,408.2145195611554,4096.0,hamming,4.0,cubic,0.00390625,0.0400390625,0.38671875,341.16659500500134,45.91786850294368,21.130056053210364,83.57532097872637,11.248465280536069,5.176213740737566,5.832370906384364,3.8268543333151577,3.050696484402978
47,12.936880732888701,325.3502913473628,4096.0,hamming,4.0,cubic,0.0029296875,0.0625,0.2734375,239.52441953218454,79.66768811108417,6.158183704094103,73.6204718121658,24.486742514094242,1.8927856737399595,5.478655372121766,4.377864084659251,1.817781880836191
48,4.041713759016025,303.2444015116397,4096.0,hamming,4.0,cubic,0.0078125,0.05078125,0.373046875,155.46240913684915,118.47013544707146,29.3118569277191,51.26637404083514,39.06754250251974,9.666083456645117,5.046403960509795,4.774660907268719,3.3779921074658574
49,1.5964002203113095,180.84556413733725,4096.0,hamming,4.0,cubic,0.0068359375,0.0400390625,0.2685546875,122.81526904922727,35.68000616341095,22.35028892469903,67.91168455531441,19.729544561189755,12.35877088349584,4.81068134877512,3.574590480453132,3.10683924825562
50,3.2430112281261807,176.6971934705928,4096.0,hamming,4.0,cubic,0.0087890625,0.048828125,0.263671875,139.3322674628348,28.558697600896277,8.806228406861717,78.85369582059802,16.16250775689271,4.983796422509287,4.93686149403912,3.351961534222057,2.1754592446376275
51,1.3531398510732016,55.868893230948586,4096.0,hamming,4.0,cubic,0.01171875,0.0400390625,0.267578125,37.67245129288837,10.463607049491516,7.732834888568706,67.43010128580765,18.728860452340584,13.841038261851768,3.6289290924004076,2.3479032413999703,2.045475533862511
52,1.0007439987575952,819.7238085825549,4096.0,hamming,4.0,cubic,0.0087890625,0.06640625,0.267578125,706.5337483204943,56.616075618173944,56.573984643886675,86.19168321366854,6.906725780732536,6.90159100559894,6.5603709693071295,4.036292966405168,4.0355492442774485
53,2.069789950389292,162.49753554098794,4096.0,hamming,4.0,cubic,0.009765625,0.048828125,0.232421875,137.84546044892807,16.621533755205963,8.030541336853886,84.8292621731228,10.228791285892083,4.9419465409851,4.926133205835277,2.8106990688761595,2.0832519399895273
54,0.8442078814596976,576.1289923950429,4096.0,hamming,4.0,cubic,0.0126953125,0.0751953125,0.150390625,334.75718796653666,110.49078669993028,130.881017728576,58.104555123134425,19.178133396933518,22.717311479932064,5.813405456981634,4.704932139200471,4.874288648867725
55,1.5679625570842604,120.46504247987106,4096.0,hamming,4.0,cubic,0.005859375,0.068359375,0.2734375,86.63511485389009,20.656087714392672,13.173839911588297,71.91722434196316,17.146955904526553,10.935819753510287,4.461705216683523,3.0280100805317867,2.5782330382992362
56,1.8898975561536255,155.7692491233737,4096.0,hamming,4.0,cubic,0.005859375,0.064453125,0.275390625,103.57868750614175,34.13090358329936,18.05965803393257,66.49495204544799,21.9111947803425,11.593853174209503,4.64033158960963,3.530203237320564,2.8936806128113735
57,3.136582548080794,284.66224116568645,4096.0,hamming,4.0,cubic,0.013671875,0.0751953125,0.2705078125,187.3096267758114,73.81806304022466,23.534551349650375,65.80065765265603,25.931807020819164,8.26753532652481,5.232763005757694,4.301603458301017,3.1584696115590325
58,0.71457356314299,957.1714497995085,4096.0,hamming,4.0,cubic,0.0166015625,0.0400390625,0.2041015625,639.2593928214566,132.49449087765882,185.41756610039317,66.78629967027928,13.842294492320203,19.37140583740052,6.4603103075658215,4.886541066280056,5.2226103956791
59,0.9817828979767073,753.6257885998585,4096.0,hamming,4.0,cubic,0.00390625,0.0400390625,0.255859375,543.335223839239,104.17875757159055,106.11180718902907,72.09615595144206,13.82367205946356,14.080171989094401,6.297726484585367,4.646108246459702,4.664493323019604
60,3.3035081622779767,474.8968665983844,4096.0,hamming,4.0,cubic,0.0048828125,0.0458984375,0.3046875,434.53735627685086,30.981228975328296,9.378281346205238,91.50141574724998,6.523780457269012,1.9748037954810005,6.074281916330496,3.4333815041608413,2.238396520879064
61,3.0571307528688028,165.584593245171,4096.0,hamming,4.0,cubic,0.0087890625,0.0498046875,0.1884765625,91.1504772456618,56.08762422157556,18.346491777933636,55.04768013694418,33.872489657615695,11.079830205440132,4.512511736938302,4.026915186081474,2.909438372458799
62,2.8905712955164704,408.6881910780809,4096.0,hamming,4.0,cubic,0.005859375,0.041015625,0.2509765625,331.1338719192891,57.620403734040124,19.93391542475165,81.02359675374746,14.098866811405275,4.877536434847276,5.802522740496537,4.053876736470435,2.9924225737727266
63,3.694476731813104,268.9264266033561,4096.0,hamming,4.0,cubic,0.0029296875,0.0400390625,0.2294921875,189.69147555575663,62.35661602238842,16.878335025211065,70.5365694073404,23.18724002321988,6.27619056943972,5.245398939482992,4.132869777521343,2.8260308483557544
64,0.7115253087592978,1677.8365041683062,4096.0,hamming,4.0,cubic,0.00390625,0.0576171875,0.25390625,1561.4227804600569,48.39619389874926,68.01752980950005,93.06167654482194,2.8844403956235873,4.0538830595544795,7.353352723345393,3.8794211721748266,4.219765463269812
65,1.7285227776891998,119.5231619456489,4096.0,hamming,4.0,cubic,0.015625,0.052734375,0.2373046875,77.3572329128437,26.71217164525803,15.453757387547173,64.72154154357176,22.348949952817456,12.929508503610792,4.348434081540005,3.2851193283940696,2.737852170381249
66,1.019614207194458,812.6712434562287,4096.0,hamming,4.0,cubic,0.00390625,0.0791015625,0.2060546875,569.4363424225095,122.79858197473997,120.43631905897931,70.06970494006165,15.110486923652791,14.819808136285573,6.344646998628212,4.810545468209399,4.791121140700289
67,2.6567562507691274,671.6438286699184,4096.0,hamming,4.0,cubic,0.0029296875,0.0478515625,0.2392578125,599.3467115299177,52.526284144283764,19.770832995717043,89.2357952155723,7.820556357720661,2.9436484267070493,6.395840247910631,3.9613136946813063,2.984207770625554
68,1.5524509563865139,788.8434663877974,4096.0,hamming,4.0,cubic,0.00390625,0.0517578125,0.2294921875,494.29483870496796,179.15027812949677,115.39834955333282,62.66070009661098,22.710497806345025,14.628802097044016,6.203132178633815,5.1882249962448554,4.748390052007538
69,2.41928160093747,167.67688567312422,4096.0,hamming,4.0,cubic,0.0068359375,0.056640625,0.2685546875,130.1934964299702,26.521031175635642,10.962358067518375,77.6454643150842,15.81674842609897,6.537787258816828,4.869021777912227,3.2779380475042603,2.394467410523803
70,6.26043125360236,773.8140718574405,4096.0,hamming,4.0,cubic,0.0068359375,0.0751953125,0.2451171875,652.3726183116603,104.71497418058746,16.72647936519272,84.30611978220095,13.532317127450618,2.161563090348431,6.480615899160455,4.6512421275220195,2.8169930544310295
71,2.5312110645890593,889.5636105412855,4096.0,hamming,4.0,cubic,0.0048828125,0.046875,0.26953125,817.8108800083107,51.43314917107025,20.31958136190448,91.93394045319431,5.781840507141921,2.2842190396637667,6.706631111838512,3.940282890093239,3.011585020229571
72,7.13457680242201,260.14268163380535,4096.0,hamming,4.0,cubic,0.00390625,0.0439453125,0.21875,185.73125026669953,65.26388341538565,9.147547951720163,71.39591592591773,25.087726091505257,3.516357982576991,5.224300737812299,4.178438796219502,2.213485859954896
73,8.200879810746034,209.05613693689034,4096.0,hamming,4.0,cubic,0.0029296875,0.056640625,0.2021484375,110.21221134671336,88.10104799332655,10.742877596850427,52.71895528232405,42.14229215376844,5.1387525639075005,4.702407701348478,4.478484428368847,2.374242985860809
74,3.201374044028586,257.8779658968902,4096.0,hamming,4.0,cubic,0.0087890625,0.0546875,0.162109375,152.85527685773533,80.02546481237516,24.99722422677973,59.27426809270433,31.032300310749505,9.693431596546176,5.029491570853367,4.382344894178642,3.218764787775
75,1.0663918224891855,1201.225923697649,4096.0,hamming,4.0,cubic,0.00390625,0.0703125,0.2216796875,931.2707472240861,139.31433017541337,130.64084629814965,77.52669409243359,11.597679289718615,10.875626617847804,6.836550048343946,4.936732748254329,4.872451926734841
76,4.219876470824295,617.8494119845623,4096.0,hamming,4.0,cubic,0.0068359375,0.0400390625,0.2861328125,502.1959010934611,93.49714157134254,22.156369319758582,81.28127847210916,15.13267468702854,3.586046840862282,6.218990284789461,4.537930864397834,3.0981250090948738
77,1.4600255400279654,129.0250273036168,4096.0,hamming,4.0,cubic,0.0029296875,0.041015625,0.267578125,86.18144045445723,25.427675448226513,17.415911400933076,66.79435940103181,19.707552852045573,13.49808774692263,4.45645484653463,3.235838165433895,2.8573842366968143
78,2.686685118108676,80.02029686297813,4096.0,hamming,4.0,cubic,0.0078125,0.0498046875,0.267578125,42.14474053861757,27.601948703704505,10.273607620656055,52.66756334431457,34.49368445979199,12.838752195893441,3.7411098970327625,3.317886375437359,2.3295782398281295
79,0.9370897231758968,150.23881365223974,4096.0,hamming,4.0,cubic,0.0078125,0.0478515625,0.2734375,117.02051829459722,16.069737415173815,17.148557942468695,77.88967141704576,10.69612906580233,11.414199517151904,4.762349289461521,2.7769378395520636,2.84191408508936
80,3.9593953429769018,420.27488814578487,4096.0,hamming,4.0,cubic,0.0078125,0.044921875,0.1669921875,121.29949476866115,238.69074722555027,60.28464615157343,28.861942074108605,56.793958896433814,14.344099029457574,4.79826265080251,5.475168769399296,4.09907744695884
81,2.2706111882836626,226.5382140761577,4096.0,hamming,4.0,cubic,0.0107421875,0.0517578125,0.244140625,181.85320276742652,31.022423878954537,13.662587429776625,80.2748461265308,13.694123971739888,6.031029901729309,5.203199783416628,3.4347102939269694,2.6146612527339017
82,1.6468151751777858,381.856795284934,4096.0,hamming,4.0,cubic,0.0361328125,0.044921875,0.234375,188.45615409909078,120.3314510891631,73.06919009668006,49.35257311801104,31.512193203049886,19.13523367893906,5.238865375582646,4.790250027624123,4.291406801804106
83,4.9679626936810095,258.4472082477487,4096.0,hamming,4.0,cubic,0.0087890625,0.0478515625,0.240234375,183.38988503533574,62.480615370072535,12.576707842340408,70.9583540401556,24.175388000391294,4.866257959453104,5.211614405822325,4.134856354555793,2.5318465192762782
84,0.999004413258081,170.67914715215534,4096.0,hamming,4.0,cubic,0.0048828125,0.0791015625,0.26953125,89.37435718941326,40.632148410026694,40.672641552715405,52.36395815227428,23.806158565934453,23.829883281791282,4.492833808702022,3.7045595860328002,3.705555668700385
85,1.3093480450751969,293.66511027407756,4096.0,hamming,4.0,cubic,0.0126953125,0.087890625,0.25390625,156.2477362122228,77.91253919952018,59.50483486233457,53.20609454299724,26.531084719871707,20.262820737131054,5.051442800269781,4.355586905257193,4.086057567440813
86,3.320427319349436,242.25699118142333,4096.0,hamming,4.0,cubic,0.0029296875,0.0478515625,0.24609375,191.44366198268688,39.05214785189045,11.761181346846001,79.02503083567031,16.120132451675985,4.85483671265371,5.254593572035466,3.6648978773823373,2.464804392089025
87,1.2617890429183882,128.69093155519002,4096.0,hamming,4.0,cubic,0.0234375,0.0546875,0.251953125,79.2698141549109,27.570663417837416,21.850453982441714,61.597047435246424,21.42393646906934,16.979016095684248,4.372857402389535,3.316752287779834,3.0842216985542095
88,3.869670027723046,231.89980369896733,4096.0,hamming,4.0,cubic,0.01171875,0.04296875,0.236328125,134.89678070599442,77.08318808819818,19.919834904774746,58.17028671620006,33.23986776127722,8.58984552252273,4.90450989862943,4.344885203461437,2.991715964209193
89,2.5678143209023756,246.4029782879511,4096.0,hamming,4.0,cubic,0.025390625,0.046875,0.248046875,171.54554594074682,53.87611840700144,20.981313940202817,69.61991577077266,21.86504350772936,8.51504072149796,5.144848805345986,3.986687307503131,3.0436322292341025
90,2.255590923644376,186.95004509746977,4096.0,hamming,4.0,cubic,0.0048828125,0.0537109375,0.2587890625,130.6761529165015,38.9885840753743,17.28530810559396,69.89896838397185,20.855081396234432,9.245950219793716,4.872722147337961,3.6632688872639076,2.849856898241855
91,4.950755431125247,546.7243414029156,4096.0,hamming,4.0,cubic,0.0029296875,0.0439453125,0.23046875,428.94418661348,97.98768370695917,19.79247108247635,78.45712256249516,17.92268539855369,3.620192038951131,6.061326809330051,4.584841794313023,2.98530161702797
92,3.2017182205448464,829.3340507535661,4096.0,hamming,4.0,cubic,0.00390625,0.0419921875,0.2861328125,708.0945614225288,92.38474873034181,28.854740600695465,85.3811031609188,11.139630483807741,3.479266355273474,6.562577646106455,4.5259619079932945,3.362274298370155
93,3.675270034128477,210.86009017225928,4096.0,hamming,4.0,cubic,0.033203125,0.041015625,0.248046875,128.28676606882485,64.9116011439761,17.661722959458324,60.839756809371906,30.78420439398819,8.376038796639905,4.8542681179680365,4.173026361879896,2.8713997532401057
94,3.809829982419392,1847.7022742408424,4096.0,hamming,4.0,cubic,0.0029296875,0.0556640625,0.3447265625,1725.4702371228238,96.8190729249403,25.41296419307834,93.38464649732384,5.239971518935319,1.3753819837408416,7.453254893547118,4.57284400922237,3.2352594451163474
95,2.31188403205606,249.16941498467716,4096.0,hamming,4.0,cubic,0.0029296875,0.05078125,0.2939453125,187.33995852078138,43.160488630045855,18.668967833849926,75.18577612436982,17.321744176627792,7.492479699002379,5.232924926369523,3.7649254616892827,2.9268626712824664
96,0.6717530152098166,91.20652908330447,4096.0,hamming,4.0,cubic,0.00390625,0.044921875,0.251953125,54.91118451391443,14.58439550025693,21.710949069133115,60.20532199373655,15.990516958425328,23.804161047838125,4.005717052974236,2.679952155786557,3.077816698693935
97,3.012468565712533,896.644725736697,4096.0,hamming,4.0,cubic,0.009765625,0.05078125,0.2353515625,680.1697723465944,162.52438658942256,53.950566800679965,75.85722112933377,18.125839803037938,6.016939067628303,6.522342432224559,5.0908280618297415,3.9880681976856556
98,10.592151568838652,613.9466530377478,4096.0,hamming,4.0,cubic,0.0029296875,0.0576171875,0.2734375,456.2817081635192,144.06393699075213,13.601007883476466,74.31943897826989,23.465220679669464,2.2153403420606685,6.123110399826572,4.970257207914337,2.610143899075216
99,4.342111129927207,230.8467530717056,4096.0,hamming,4.0,cubic,0.0107421875,0.046875,0.3017578125,146.41841716133706,68.62403422944881,15.804301680919728,63.42667384880072,29.727095276983523,6.846230874215761,4.986468393897376,4.228642826571451,2.7602821612634183
100,1.9232384271284326,728.5986361201635,4096.0,hamming,4.0,cubic,0.0048828125,0.0400390625,0.2275390625,632.0092071157752,63.54750258880322,33.04192641558506,86.74312245233762,8.721880530438256,4.534997017224123,6.448903962261905,4.151787698496673,3.4977772525095228
101,1.903630621756586,475.8374608114167,4096.0,hamming,4.0,cubic,0.0029296875,0.048828125,0.2998046875,381.7803388538982,61.66418559269346,32.39293636482506,80.2333507334356,12.959085963417271,6.80756330314712,5.944845414035614,4.1217033019688225,3.4779403855985755
102,0.8221785028701243,253.8667900615746,4096.0,hamming,4.0,cubic,0.0029296875,0.0478515625,0.283203125,164.0478243983461,40.526887240750064,49.29207842247842,64.61964731919319,15.96383963058752,19.416513050219283,5.100157997498667,3.7019656363276554,3.8977633870524255
103,0.9311680387320375,290.0856310823279,4096.0,hamming,4.0,cubic,0.0029296875,0.0576171875,0.263671875,192.64862462863968,46.98204629513918,50.454960158549014,66.4109504182801,16.1959232933552,17.393126288364698,5.260867931823426,3.849765535011429,3.9210810602729143
104,2.4055632196561603,238.30949817965435,4096.0,hamming,4.0,cubic,0.00390625,0.046875,0.2646484375,188.47997726474216,35.197720621995245,14.63180029291695,79.09041758908526,14.769751474807247,6.139830936107496,5.238991779838969,3.560981325450399,2.683197262342943
105,2.718191680552244,523.6666105429533,4096.0,hamming,4.0,cubic,0.0029296875,0.04296875,0.322265625,357.77799023783115,121.27321729274072,44.61540301238143,68.32171137794639,23.158478094870514,8.519810527183093,5.879912655034506,4.798045994313823,3.7980791584253235
106,0.7456084225533447,270.56440590727635,4096.0,hamming,4.0,cubic,0.00390625,0.0400390625,0.2890625,182.33666355612385,37.68505407625314,50.542688274899355,67.39122352206648,13.928311800617255,18.680464677316262,5.2058547780630775,3.6292635722487128,3.9228182915802665
107,2.04316101271172,610.9516394207275,4096.0,hamming,4.0,cubic,0.00390625,0.064453125,0.1728515625,437.8657129497014,116.20890755943334,56.87701891159267,71.66945543592662,19.020966646331708,9.309577917741656,6.081912271928644,4.755389498617784,4.040891373987783
108,0.8109677736540292,53.52120836132981,4096.0,hamming,4.0,cubic,0.0283203125,0.0400390625,0.248046875,24.297068849791724,13.086834399491886,16.137305112046196,45.39708574170919,24.45167962416072,30.151234634130077,3.1903557196055465,2.5716067171758987,2.781133679386975
109,1.4738278547096824,1394.1408251821426,4096.0,hamming,4.0,cubic,0.0029296875,0.0400390625,0.177734375,1256.1061369583783,82.23667141310645,55.798016810657714,90.09894224955859,5.89873490021084,4.002322850230556,7.13577184740564,4.409601326825336,4.021738327728029
110,2.9857286647424437,238.97758238254727,4096.0,hamming,4.0,cubic,0.0029296875,0.064453125,0.2197265625,98.08007024127305,105.54700938687287,35.35050275440137,41.04153588944999,44.16607128358876,14.792392826961265,4.585784188350706,4.65915644027732,3.5653126144310194
111,2.653892740907665,540.2940157152925,4096.0,hamming,4.0,cubic,0.005859375,0.0400390625,0.228515625,379.06206346758,117.10587529897846,44.126076948734095,70.15847898402903,21.67447202685423,8.16704898911675,5.937699947527035,4.7630784426924135,3.787050921725798
112,1.2406907170558577,1478.9100986932976,4096.0,hamming,4.0,cubic,0.00390625,0.0478515625,0.2470703125,1256.3361609673748,123.24120249757654,99.33273522834622,84.95013740709597,8.3332450435268,6.716617549377235,7.135954955300161,4.814143431045166,4.598475176628022
113,3.843354166721762,1928.7887235119124,4096.0,hamming,4.0,cubic,0.00390625,0.044921875,0.244140625,1783.421461326579,115.35350370693466,30.013758478398806,92.46328742939504,5.98061893979246,1.5560936308125113,7.486288967567241,4.748001358730937,3.401655892476631
114,1.1540826643876125,495.0914089044318,4096.0,hamming,4.0,cubic,0.0029296875,0.0654296875,0.25,340.2342413817141,82.96709102616768,71.89007649654998,68.72149975993423,16.75793389543201,14.520566344633751,5.829634325636716,4.418444035511572,4.275138237072971
115,1.8051842355404462,1933.0022684588616,4096.0,hamming,4.0,cubic,0.0029296875,0.0517578125,0.27734375,1848.432154821373,54.42232064549109,30.147792991997758,95.62493458919143,2.815429735055653,1.5596356757529262,7.522093074874543,3.996774375692707,3.4061117195651116
116,2.022235056909798,464.9705573618472,4096.0,hamming,4.0,cubic,0.0029296875,0.0517578125,0.2041015625,292.71975066531644,115.25629652343547,56.99451017309532,62.95447013379763,24.78786983360352,12.257660032598864,5.6792156689249795,4.747158313993381,4.042954950443465
117,1.8581099675196797,169.881501449793,4096.0,hamming,4.0,cubic,0.015625,0.0654296875,0.30078125,82.25414044562551,56.968162442884655,30.65919856128283,48.418538654095315,33.53405871546356,18.04740263044113,4.409813728142922,4.042492558151756,3.4229327335483
118,0.9064110652620593,204.4594605876105,4096.0,hamming,4.0,cubic,0.017578125,0.08984375,0.263671875,111.15808576881697,44.360526478738315,48.9408483400552,54.36680965965179,21.69649002851101,23.93670031183719,4.710953384222403,3.7923500307331612,3.890612392152298
119,3.6014600308300095,156.75564688686978,4096.0,hamming,4.0,cubic,0.001953125,0.04296875,0.267578125,42.59561161590939,89.35051079262472,24.809524478335685,27.173254974763715,56.999867352216526,15.826877673019757,3.7517512342580006,4.492566958350425,3.211227630987812
120,1.354829734302113,75.27473722460742,4096.0,hamming,4.0,cubic,0.0029296875,0.0419921875,0.2705078125,17.210772581922928,33.40657060825229,24.657394034432205,22.863942428080243,44.379524711687246,32.75653286023251,2.845535500669833,3.508752605432842,3.205076816338337
121,1.4992087968964039,137.75991992231982,4096.0,hamming,4.0,cubic,0.0078125,0.048828125,0.2744140625,62.38778203166242,45.213738166609986,30.15839972404743,45.28732454754743,32.820676864580896,21.891998587871694,4.133369455429267,3.8114009823964112,3.4064634821845488
122,1.777431099145785,157.61156478071578,4096.0,hamming,4.0,cubic,0.0029296875,0.0439453125,0.2763671875,78.81323855621226,50.42738796837958,28.370938256123942,50.00473072256134,31.994725792196128,18.000543485242527,4.36708098473547,3.9205344395534745,3.3453653203966933
123,2.862863400099853,1535.7884704342582,4096.0,hamming,4.0,cubic,0.00390625,0.044921875,0.27734375,1373.3799911787576,120.36493216778786,42.04354708771284,89.42507497731259,7.837337920225014,2.7375871024624012,7.225030127257643,4.790528229385094,3.7387059165625103
124,4.493092617017603,286.1789146322866,4096.0,hamming,4.0,cubic,0.0029296875,0.0400390625,0.2744140625,231.33343942159078,44.86103128546788,9.984443925227932,80.8352494169016,15.675868833002651,3.4888817500957465,5.443860130433363,3.8035695178039206,2.301028274303249
125,1.5390939637985999,274.3706323693832,4096.0,hamming,4.0,cubic,0.00390625,0.0849609375,0.283203125,128.64688798646213,88.3317193296569,57.39202505326418,46.88799485407963,32.19430540610358,20.9176997398168,4.8570713486680726,4.481099265411449,4.049905357318689
126,1.18173714315311,379.09139310561176,4096.0,hamming,4.0,cubic,0.00390625,0.095703125,0.1533203125,265.19998105576747,61.68924259635774,52.20216945348655,69.95674021591013,16.272920915187232,13.770338868902638,5.580484186877947,4.12210956557052,3.955124054436603
127,3.418889009775362,299.4453068045757,4096.0,hamming,4.0,cubic,0.0048828125,0.0537109375,0.234375,221.69232773504837,60.15738458921249,17.59559448031486,74.03433037597395,20.089606756960286,5.876062867065776,5.401290509505848,4.096964204448089,2.8676485570919494
128,2.5212843618239877,382.3623385160944,4096.0,hamming,4.0,cubic,0.00390625,0.0498046875,0.2685546875,252.3499819707278,93.0904998629311,36.92185668243549,65.99760398737752,24.346147746717143,9.656248265905345,5.530816941340768,4.53357213678775,3.608803697710258
129,1.7220249267038716,460.5639133888227,4096.0,hamming,4.0,cubic,0.0068359375,0.0498046875,0.2822265625,305.6157588140059,98.02429871489079,56.92385585992598,66.35686164929629,21.283538693604847,12.359599657098851,5.722328622762602,4.5852153940073395,4.04171451266878
130,2.615016594733019,530.85440104426,4096.0,hamming,4.0,cubic,0.0029296875,0.0673828125,0.1748046875,393.9324403056811,99.04607354678278,37.87588719179617,74.2072476993248,18.657860489042985,7.134891811632219,5.976179423289671,4.595585131235991,3.63431468776103
131,4.040836082597119,146.22721864573347,4096.0,hamming,4.0,cubic,0.0078125,0.0458984375,0.2724609375,80.45479870110813,52.7245011337565,13.04791881086884,55.02039869610527,36.05655747408614,8.923043829808593,4.387695519901994,3.965080264655904,2.5686286429563774
132,1.0552154917449679,256.68735094632757,4096.0,hamming,4.0,cubic,0.0029296875,0.0400390625,0.2998046875,123.37208532278744,68.44845912124502,64.86680650229512,48.06317290974892,26.666081857519092,25.270745232731993,4.815204872937905,4.226081040469321,4.1723360368208615
133,2.9745811905886588,191.85448876875068,4096.0,hamming,4.0,cubic,0.0029296875,0.068359375,0.26953125,117.58514648590757,55.583262235288856,18.686080047554235,61.2887127325112,28.971572462026373,9.739714805462414,4.767162722095386,4.017882117001568,2.9277788641866036
134,2.3874082155245833,170.32488510207463,4096.0,hamming,4.0,cubic,0.0029296875,0.0419921875,0.2705078125,108.79147999940783,43.36807007730507,18.165335025361735,63.87292140793741,25.46196937183598,10.665109220226606,4.689433022526574,3.7697234578326095,2.899515108958178
135,1.3155537423770802,448.15056414020336,4096.0,hamming,4.0,cubic,0.0068359375,0.041015625,0.271484375,332.44342091588175,65.73760846174685,49.96953476257477,74.18118987615003,14.668643469827455,11.150166654022522,5.806469682957599,4.185671188836092,3.911413514978067
136,1.1952477256306762,702.7295776186505,4096.0,hamming,4.0,cubic,0.005859375,0.0830078125,0.30859375,442.71723261167944,141.5690631981849,118.44328180878615,62.999658291304804,20.145596216103772,16.854745492591412,6.092931265141955,4.9527876771505275,4.774434211468106
137,1.3479567927815743,447.70975672354166,4096.0,hamming,4.0,cubic,0.00390625,0.0517578125,0.2734375,321.3595745031824,72.53735968086318,53.812822539496096,71.77855065187248,16.201871545465245,12.019577802662278,5.772560665999809,4.284101735079056,3.9855117759353034
138,2.0842350456838803,516.3439839584146,4096.0,hamming,4.0,cubic,0.0087890625,0.0927734375,0.267578125,413.4649569277965,69.5226110938404,33.35641593677771,80.07548645344461,13.46439839598085,6.460115150574539,6.024572763418539,4.241652039139051,3.5072501357709807
139,0.6946649910250575,703.5430461973034,4096.0,hamming,4.0,cubic,0.005859375,0.0859375,0.3154296875,570.692702928427,54.457065557675904,78.39327771120045,81.11695595785628,7.740402787294955,11.142641254848767,6.34685089128329,3.9974126032686668,4.361738180200594
140,1.1883848892325142,680.0588081559391,4096.0,hamming,4.0,cubic,0.0126953125,0.048828125,0.2626953125,475.6693243548486,110.99207240113715,93.39741139995337,69.94532217657513,16.320952110319023,13.733725713105846,6.164722916084321,4.709458778952243,4.536863629646798
141,3.03440585450565,228.1941137955513,4096.0,hamming,4.0,cubic,0.005859375,0.0576171875,0.2041015625,195.88762805221575,24.29874261871772,8.007743124617834,85.84254203319185,10.648277562710486,3.5091804040976746,5.277541168551964,3.190424604922041,2.0804089641530052
142,7.952122480837715,283.51618397375444,4096.0,hamming,4.0,cubic,0.005859375,0.046875,0.251953125,217.9670206842907,58.226970878694786,7.322192410768914,76.87992185464385,20.537441659445076,2.5826364859110624,5.384343770080203,4.064348664552527,1.990909792797038
143,3.3464037654863277,203.83801095680903,4096.0,hamming,4.0,cubic,0.00390625,0.0673828125,0.2685546875,166.19008788013505,28.986067182008497,8.661855894665477,81.53046975882671,14.220148168611358,4.249382072561936,5.113132240932451,3.36681527253753,2.1589290061573343
144,3.9820126430891882,65.02603940521527,4096.0,hamming,4.0,cubic,0.0234375,0.060546875,0.173828125,38.681723714406296,21.05642953352422,5.287886157284761,59.48651350785469,32.38153472997071,8.131951762174612,3.6553672330463165,3.047205954513306,1.6654185738162746
145,3.8425265498654215,384.7279406579962,4096.0,hamming,4.0,cubic,0.0234375,0.0439453125,0.1591796875,240.37235325551023,114.54561405159174,29.809973350894225,62.47852777326334,29.77314666974423,7.748325556992438,5.48218919295081,4.7409731196600795,3.3948430137242744
146,7.095613833903598,125.98894766058508,4096.0,hamming,4.0,cubic,0.0029296875,0.0498046875,0.26953125,60.61525731815805,57.29849163808064,8.075198704346388,48.11156727926317,45.47898264254345,6.409450078193381,4.104546632312989,4.048274299431466,2.0887974761553623
147,3.3125146438167037,103.02822338039678,4096.0,hamming,4.0,cubic,0.001953125,0.103515625,0.2578125,60.872564920499705,32.38046650307903,9.775191956818043,59.08338795258887,31.428734225111437,9.487877822299682,4.1087825792967205,3.477555355282181,2.2798477432047584
148,2.341968635534855,205.329681942934,4096.0,hamming,4.0,cubic,0.00390625,0.0517578125,0.15625,141.96677359784087,44.40315280718623,18.959755537906897,69.14089198136332,21.6252966385673,9.233811380069378,4.955593041474023,3.793310476088008,2.9423186031734416
149,6.187601221922957,111.05635019492709,4096.0,hamming,4.0,cubic,0.0126953125,0.068359375,0.271484375,46.89336472363705,55.23608712367637,8.926898347613669,42.2248386889443,49.73699120016595,8.038170110889741,3.8478761883354515,4.011616491920658,2.189069005060998
150,1.4371896617455064,73.41630185075496,4096.0,hamming,4.0,cubic,0.0029296875,0.0458984375,0.28515625,41.62415834420708,18.74755202252753,13.044591484020357,56.69607062042318,25.535952574455017,17.767976805121812,3.7286807281371925,2.931063185094346,2.5683736021934216
151,1.1272932372515663,458.9318807691265,4096.0,hamming,4.0,cubic,0.001953125,0.0576171875,0.2080078125,275.45110160162375,97.22996242323603,86.25081674426671,60.02004069536283,21.186142540432755,18.793816764204415,5.618410123190539,4.577078919348551,4.457259525365378
152,3.4748036262083004,81.19469119823597,4096.0,hamming,4.0,cubic,0.0029296875,0.044921875,0.2734375,34.77407358570658,36.046840014636544,10.373777597892861,42.82801384243959,44.395562668781594,12.776423488778835,3.548872097216161,3.5848192042616986,2.3392812372853733
153,3.4847342841990843,73.60826293478928,4096.0,hamming,4.0,cubic,0.0390625,0.046875,0.2744140625,20.124229590664726,41.55823574836441,11.925797595760152,27.33963387845886,56.458655715298576,16.201710406242576,3.0019245413626767,3.72709571461689,2.478703918878221
154,1.0181876243692072,378.51010050620346,4096.0,hamming,4.0,cubic,0.0029296875,0.1103515625,0.390625,171.18530369477358,104.59658942970533,102.7282073817245,45.22608603200749,27.63376440676808,27.140149561224426,5.1427466171185685,4.650110945264684,4.632086737272793
155,0.3388788370758323,75503.93967409112,4096.0,hamming,4.0,cubic,0.0009765625,0.060546875,0.3994140625,17425.249667695825,14700.089644586906,43378.60036180839,23.07859661748913,19.469301480212938,57.45210190229793,9.765675563657833,9.59560887101945,10.677721519263958
156,,,,,,,,,,,,,,,,,,
157,0.9967459752958043,174.14549158423614,4096.0,hamming,4.0,cubic,0.0078125,0.0458984375,0.2373046875,117.74026183651601,28.156654092339586,28.248575655380534,67.6102842315408,16.168465710018047,16.22125005844115,4.768481027451184,3.3377837064868316,3.34104303704279
158,1.1933579320477552,468.35411388667444,4096.0,hamming,4.0,cubic,0.0029296875,0.0400390625,0.232421875,378.95019300256394,48.64271197342372,40.76120891068679,80.91104183068131,10.385883358589135,8.703074810729557,5.937404779566693,3.884501992136162,3.707730867156277
159,1.5600561749497133,703.8252773917421,4096.0,hamming,4.0,cubic,0.0029296875,0.0400390625,0.26953125,616.8563779100152,52.997418569424205,33.97148091230274,87.64339641167493,7.529911225385895,4.826692362939183,6.424636221946903,3.9702432061286554,3.5255213759323896
160,0.6337834421132859,338.63508984536423,4096.0,hamming,4.0,cubic,0.0029296875,0.0458984375,0.228515625,267.51516147708503,27.589111165060302,43.53081720321888,78.99806295893444,8.147150721343943,12.854786319721615,5.58917624314891,3.317421171873367,3.7734691287217563
161,1.0666921115037549,1534.641716270177,4096.0,hamming,4.0,cubic,0.0029296875,0.0771484375,0.3505859375,1464.890337160968,36.00112733200704,33.750251777202074,95.45487533867292,2.3458978698627373,2.1992267914643517,7.289535663469152,3.5835502527437857,3.5189878773559595
162,1.4926420841231975,276.5299349870702,4096.0,hamming,4.0,cubic,0.00390625,0.041015625,0.240234375,239.13423557288698,22.39326498832886,15.00243442585436,86.47679882616262,8.097953297307905,5.425247876529474,5.477025049378992,3.108760243486768,2.7082124829907492
163,3.132243579790392,496.56128583939625,4096.0,hamming,4.0,cubic,0.0029296875,0.0400390625,0.2412109375,334.16618200908033,123.09560449185888,39.29949933845706,67.29606023236381,24.78960966193243,7.914330105703764,5.811638420164671,4.8129613257442845,3.6712117793146035
164,0.6953289675100498,284.2142019735582,4096.0,hamming,4.0,cubic,0.005859375,0.0478515625,0.2412109375,152.4294042464994,54.05074123853392,77.73405648852491,53.63187454674788,19.017607446499987,27.350518006752132,5.026701565891773,3.989923257932605,4.353293468790575
165,1.1106578873483088,79.554001045249,4096.0,hamming,4.0,cubic,0.001953125,0.0419921875,0.2177734375,43.05726704649915,19.205095113301702,17.291638885448144,54.12332061338925,24.140954396973903,21.735724989636847,3.7625310214245413,2.9551756143136805,2.8502230832567763
166,0.9581576733304563,258.47842540134184,4096.0,hamming,4.0,cubic,0.0029296875,0.0458984375,0.2275390625,177.68101400178915,39.535457625354525,41.26195377419813,68.74113912056768,15.295457469600201,15.963403409832102,5.179989886468746,3.6771979306514093,3.719940859265532
167,3.038058622429025,140.63025748763835,4096.0,hamming,4.0,cubic,0.021484375,0.0400390625,0.21875,101.67558571636373,29.307790580668698,9.64688119060592,72.29993568439652,20.840316375901473,6.8597479397020225,4.62178721244907,3.3778533708057186,2.2666346704295592
168,1.948531980270926,77.67654760076948,4096.0,hamming,4.0,cubic,0.0068359375,0.041015625,0.2626953125,56.38165602573201,14.072690249928963,7.222201325108496,72.58517244550333,18.117038777595663,9.297788776900985,4.0321438578287765,2.644236057534794,1.9771597991087158
169,2.1524885818588957,156.66566325962987,4096.0,hamming,4.0,cubic,0.0078125,0.0537109375,0.251953125,130.3537821571518,17.965496835175493,8.346384267302563,83.20507470812323,11.467411851059326,5.327513440817435,4.870252155356745,2.8884530759122926,2.1218284232017837
170,6.5604166031938025,139.6654262075885,4096.0,hamming,4.0,cubic,0.0029296875,0.0537109375,0.3046875,110.58238145746012,25.236293138868934,3.846751611259439,79.17663265717496,18.06910545016313,2.754261892661902,4.705760776737395,3.228283162341754,1.3472290548177932
171,2.2920206816290705,39.50517624354123,4096.0,hamming,4.0,cubic,0.0048828125,0.0537109375,0.25390625,20.82434596671926,13.006251626368998,5.674578650452975,52.712955482951095,32.922904953488,14.36413956356092,3.0361227813997833,2.565430136204989,1.7359963139948342
172,4.6770432431575575,168.75211684692292,4096.0,hamming,4.0,cubic,0.0029296875,0.0419921875,0.2587890625,70.76581782585728,80.72620519684352,17.260093824222114,41.93477341090175,47.83715114523348,10.228075443864775,4.259376085044864,4.391063246193388,2.848397121574581
173,4.430199823104867,142.41049274149537,4096.0,hamming,4.0,cubic,0.0146484375,0.041015625,0.259765625,64.67078656272066,63.42352837478281,14.316177803991916,45.411532056216934,44.53571303198121,10.052754911801866,4.169309578098633,4.149834902611238,2.6613902127757942
174,1.3957708460940303,362.6654972710634,4096.0,hamming,4.0,cubic,0.0029296875,0.0673828125,0.2666015625,125.39054951317716,138.2358647234091,99.03908303447714,34.57471153354789,38.11662972176503,27.30865874468708,4.8314332626250724,4.928961390859833,4.59551455035624
175,3.9860697293450587,249.2514193126504,4096.0,hamming,4.0,cubic,0.00390625,0.0537109375,0.228515625,89.48830477013816,127.72122118465543,32.041893357856786,35.90282655838675,51.24192333061396,12.855250110999286,4.494107943783004,4.8498499292216,3.4670442140202695
176,1.6242095431975516,953.1532184837451,4096.0,hamming,4.0,cubic,0.0068359375,0.05859375,0.1513671875,330.57045650906895,385.3369354786447,237.24582649603138,34.68177519611517,40.427596319889695,24.89062848399513,5.800819818142336,5.9541181086484904,5.469096846170006
177,6.078379251191712,330.01281422343834,4096.0,hamming,4.0,cubic,0.025390625,0.0654296875,0.2734375,149.7935081700203,154.75877340068175,25.460532652736358,45.39020962640595,46.89477703005218,7.715013343541885,5.00925773349533,5.041867603984683,3.2371295140705243
178,2.339272427561902,540.0402659065098,4096.0,hamming,4.0,cubic,0.01171875,0.0576171875,0.1611328125,251.4095318940385,202.195517876719,86.43521613575231,46.55384936381054,37.44082259075891,16.005328045430545,5.527083210688132,5.309235139558879,4.459395186929873
179,4.048026566600012,284.0918710215192,4096.0,hamming,4.0,cubic,0.0390625,0.0400390625,0.265625,86.47836565788516,158.46682046479992,39.14668489883409,30.440281640911387,55.78013193232005,13.779586426768557,4.459894274654284,5.065545236796848,3.667315741937959
180,3.192632512074176,549.9312973731455,4096.0,hamming,4.0,cubic,0.00390625,0.0595703125,0.279296875,398.7888396905874,115.09292144314536,36.049536239412745,72.51612003089846,20.92859998929125,6.55527997981028,5.988432052968389,4.74573981464594,3.584893999276859
181,,,,,,,,,,,,,,,,,,
182,7.271110329014979,1044.1831483467465,4096.0,hamming,4.0,cubic,0.0048828125,0.05859375,0.1982421875,798.6180833084413,215.87557290604985,29.689492132255214,76.4825676963751,20.674110020626678,2.843322282998202,6.682882838134891,5.374702190341954,3.3907931829458082
183,4.195181551373489,744.765069703952,4096.0,hamming,4.0,cubic,0.0283203125,0.0654296875,0.2841796875,580.6984728022886,132.48606496466348,31.580531936999954,77.97069121852334,17.788974047524462,4.240334733952196,6.3642316424490915,4.886477469817505,3.4525408527958303
184,1.9661696694512438,287.4634127590613,4096.0,hamming,4.0,cubic,0.0087890625,0.048828125,0.287109375,74.12696189830018,141.4132385584017,71.92321230235945,25.786572693489173,49.193473771539686,25.01995353497114,4.305779324398327,4.951686373962551,4.275599054104173
185,3.486825934582423,411.4501253928269,4096.0,hamming,4.0,cubic,0.0126953125,0.04296875,0.2724609375,219.16883105425998,149.42665786681306,42.854636471753835,53.267411413476,36.31707675970443,10.41551182681957,5.389842350867792,5.006805689624931,3.757813841564986
186,6.918088202292574,622.2910486029218,4096.0,hamming,4.0,cubic,0.0048828125,0.052734375,0.2822265625,447.17935216334774,152.9962953521155,22.115401087458572,71.86016144170648,24.585970776150603,3.553867782142919,6.102959749404985,5.030413707714421,3.096274247599805
187,3.6080721241456026,76.87444397811966,4096.0,hamming,4.0,cubic,0.0263671875,0.044921875,0.3388671875,40.139619120403104,28.76298243250111,7.971842425215442,52.21451635061949,37.415532320061736,10.369951329318782,3.692363854543978,3.359089228189133,2.075915636126026
188,3.101412684417658,358.40288998941645,4096.0,hamming,4.0,cubic,0.0068359375,0.0625,0.345703125,296.74940717319214,46.621227454440785,15.032255361783529,82.79771605132846,13.00805009017017,4.194233858501372,5.692888035756332,3.842055962185095,2.710198249844967
189,0.7734467325903648,1018.6221306252016,4096.0,hamming,4.0,cubic,0.0029296875,0.0517578125,0.2021484375,817.4406563070908,87.74052871707924,113.44094560103164,80.24964623587833,8.613648386298713,11.13670537782296,6.706178308463222,4.474383921672491,4.731282398442232
190,1.9242717411745445,1382.3485108214236,4096.0,hamming,4.0,cubic,0.0029296875,0.0517578125,0.248046875,1320.168983549674,40.91627516140532,21.26325211034419,95.50189212163285,2.959910242684887,1.5381976356822689,7.185515025227494,3.7115279096040505,3.056980329716922
191,1.0905549662597815,260.7891228202,4096.0,hamming,4.0,cubic,0.001953125,0.0458984375,0.2109375,206.91131357077407,28.10579649731981,25.772012752106175,79.34046916267602,10.777211945567696,9.882318891756302,5.3322902646039125,3.3359758361101006,3.249289126080952
192,1.3723788957079952,497.64232772790086,4096.0,hamming,4.0,cubic,0.0078125,0.041015625,0.232421875,364.7174102029915,76.8946949641745,56.030222560734856,73.28906523450121,15.45179955154834,11.259135213950463,5.899122835098531,4.342436887970364,4.025891233740192
193,0.7219869663953278,490.922316182898,4096.0,hamming,4.0,cubic,0.015625,0.0634765625,0.185546875,209.86746952953845,117.8394146331639,163.21543202019564,42.74962913915493,24.003678535009122,33.246692325835944,5.346476234013242,4.769322804670583,5.095070997006868
194,0.9598261508955042,45.68689087203477,4096.0,hamming,4.0,cubic,0.0087890625,0.0439453125,0.2373046875,17.83268145566703,13.641617445574669,14.21259197079308,39.03238131396357,29.858931490399986,31.10868719563645,2.8810328106779113,2.613125226439,2.6541283301757224
195,2.0877476393257623,84.61630188586919,4096.0,hamming,4.0,cubic,0.0029296875,0.044921875,0.259765625,38.02747585316823,31.500537909882073,15.08828812281889,44.94107518957735,37.22750487532547,17.831419935097177,3.6383089472201453,3.4500046221899785,2.71391882186591
196,0.3805115951183562,2648484.497233246,4096.0,hamming,4.0,cubic,0.0009765625,0.0732421875,0.3994140625,690993.4971150106,539544.9234317787,1417946.0766864568,26.090146943916825,20.371836195205873,53.5380168608773,13.445885691873412,13.19848132885461,14.164719957626495
197,3.308622382070263,268.78153581370265,4096.0,hamming,4.0,cubic,0.01953125,0.04296875,0.2578125,171.58725004061446,74.63619709547542,22.55808867761278,63.838927596404794,27.768349812245706,8.392722591349504,5.145091883830826,4.312625605287658,3.116093701303747
198,1.8807786265818822,134.09552037429833,4096.0,hamming,4.0,cubic,0.001953125,0.07421875,0.2470703125,95.73046138409659,25.04745845116871,13.317600539033046,71.38975345103694,18.678818189641387,9.93142835932168,4.561536548586223,3.2207723633483765,2.5890865091729025
199,2.759300047560475,362.92958150618756,4096.0,hamming,4.0,cubic,0.0087890625,0.048828125,0.2705078125,195.85083269562708,122.634637753508,44.444111057052496,53.963865905564944,33.790201736811916,12.245932357623147,5.277353311803732,4.80920951013659,3.7942324685273094
200,2.2497089318750376,142.89404843974168,4096.0,hamming,4.0,cubic,0.0029296875,0.044921875,0.2412109375,101.86308400521985,28.404921519703773,12.626042914818083,71.28574291054217,19.878309719583672,8.835947369874173,4.623629597899947,3.346562423100988,2.5357615788639474
201,1.3516070584477593,455.51273164297766,4096.0,hamming,4.0,cubic,0.0029296875,0.0703125,0.25,362.5008981658045,53.45937800080285,39.55245547637031,79.58084878512811,11.736088650690736,8.683062564181144,5.893026951990431,3.9789220757909147,3.6776277776561126
202,3.1298692160491868,231.6144768140854,4096.0,hamming,4.0,cubic,0.0048828125,0.0400390625,0.2646484375,171.92535434729808,45.236092759495875,14.453029707291442,74.22910549986943,19.530770866195223,6.240123633935345,5.147060396261202,3.8118952805750186,2.670904060905777
203,0.6685864167545239,1047.7935097084264,4096.0,hamming,4.0,cubic,0.0048828125,0.064453125,0.24609375,784.9600005814953,105.31484153634013,157.5186675905909,74.91552422384532,10.051106497657777,15.033369278496888,6.665632761810921,4.656954354472468,5.059543975626932
204,1.9143760270105983,760.0289876351063,4096.0,hamming,4.0,cubic,0.0146484375,0.0498046875,0.2646484375,506.3045752405413,166.66481197134132,87.05960042322377,66.61648219707385,21.928744124606723,11.454773678319427,6.227138415554708,5.115984681520211,4.466592946442401
205,3.6389443324794355,464.95001283214253,4096.0,hamming,4.0,cubic,0.0029296875,0.0400390625,0.251953125,361.89676278166667,80.83844369271219,22.214806357763656,77.83562808768426,17.38648058106339,4.7778913312523565,5.891358985466597,4.392452640651838,3.100759019616307
206,1.3085741561109092,1278.4277843660464,4096.0,hamming,4.0,cubic,0.0068359375,0.0576171875,0.2802734375,760.5073149765935,293.5739964730459,224.34647291640675,59.48770233851871,22.963674605885146,17.548623055596128,6.6339857302942375,5.682129724946898,5.4131916109541125
207,3.2821328425705283,427.08911599746125,4096.0,hamming,4.0,cubic,0.0048828125,0.052734375,0.25390625,359.1233392799332,52.093831774145904,15.871944943382188,84.08627750702688,12.197414970990636,3.7163075219824933,5.883665892937723,3.953046549699487,2.764553081747576
208,3.0575700560323296,876.3014920286674,4096.0,hamming,4.0,cubic,0.0029296875,0.0537109375,0.2197265625,646.705436107043,173.0114368636522,56.58461905797223,73.79942200142764,19.74336897032149,6.457209028250875,6.47189091433502,5.1533577013511245,4.035737200186571
209,6.599559469594003,514.1566237663617,4096.0,hamming,4.0,cubic,0.0029296875,0.0537109375,0.2744140625,345.73563008343035,146.25905201291917,22.161941670012233,67.24325120054007,28.446400425910074,4.310348373549858,5.845674408100338,4.985379378302035,3.098376478528549
210,5.618141971818417,359.215224636692,4096.0,hamming,4.0,cubic,0.0048828125,0.0400390625,0.263671875,139.38901723240534,186.61050904961888,33.21569835466776,38.80376099687381,51.94949886613396,9.246740136992218,4.937268709228421,5.229023605421296,3.503022606175952
211,1.7758883214462424,1454.0964027522155,4096.0,hamming,4.0,cubic,0.0029296875,0.076171875,0.2158203125,1175.7366094384793,178.08205837636285,100.27773493737317,80.85685427823935,12.246922421326477,6.896223300434155,7.069650131807276,5.182244446177655,4.607943685653394
212,1.6365475105177727,843.1002634197139,4096.0,hamming,4.0,cubic,0.0048828125,0.07421875,0.259765625,464.1066437803145,235.24744471650882,143.74617492289056,55.04762172625156,27.902665308431708,17.04971296531674,6.140114361551506,5.4606379164150365,4.968049070091363
213,3.023490918816978,1825.1936565205062,4096.0,hamming,4.0,cubic,0.0048828125,0.0400390625,0.2783203125,1698.6869906532838,95.06464986177335,31.442016005449076,93.06886338250864,5.208469223096124,1.7226673943952435,7.437610873182614,4.55455718500927,3.4481450878159796
214,2.8268728489341552,900.2364054086618,4096.0,hamming,4.0,cubic,0.0078125,0.04296875,0.2841796875,750.9454106331091,110.27977055441544,39.01122422113727,83.41646773240834,12.250090075434574,4.3334421921570865,6.621332960218186,4.703020505580485,3.663849405264996
215,0.3668088566233245,3551230.0568768727,4096.0,hamming,4.0,cubic,0.0009765625,0.1455078125,0.3955078125,890095.3862788001,714165.5258616566,1946969.1447364157,25.064424777413436,20.11037061591355,54.825204606673005,13.699083911559587,13.47887004339144,14.481784436635756
216,1.8642522738634546,1392.1030373788392,4096.0,hamming,4.0,cubic,0.00390625,0.0615234375,0.193359375,1164.1099364401655,148.3935827610571,79.59951817761659,83.62239756563157,10.659669491165264,5.71793294320317,7.059712070945079,4.999868086948261,4.3770080397869995
217,1.6835089868246997,188.28299399586234,4096.0,hamming,4.0,cubic,0.00390625,0.068359375,0.251953125,77.73115035504459,69.35509558310777,41.196748057709996,41.28421197548664,36.83556019118323,21.880227833330142,4.3532560825028055,4.239239620386141,3.718359322602187
218,2.2343330294456227,461.41943817432633,4096.0,hamming,4.0,cubic,0.0029296875,0.0400390625,0.2490234375,346.8941039306854,79.11607576561985,35.409258478021044,75.17977684321725,17.146238155603978,7.673985001178747,5.849019557378929,4.37091608757101,3.566973324871534
219,1.317939434947564,564.4896474090142,4096.0,hamming,4.0,cubic,0.00390625,0.0419921875,0.2216796875,432.8067846028668,74.8725506725492,56.81031213359824,76.6722271328506,13.263759754711415,10.064013112438003,6.0702914034788735,4.315787343680847,4.039717860896456
220,2.2992593715552534,484.231930548271,4096.0,hamming,4.0,cubic,0.037109375,0.0400390625,0.25390625,319.95761683803585,114.4830438493278,49.79126986090732,66.07528265964704,23.642192227948396,10.28252511240455,5.768188539640705,4.740426723375928,3.9078396646652203
221,2.4917773828255996,211.09940272756612,4096.0,hamming,4.0,cubic,0.0029296875,0.0546875,0.2431640625,105.76791598055601,75.16590767398964,30.165579073020474,50.10337055148118,35.60687841973425,14.289751028784575,4.661247221832584,4.319697772760091,3.4067015085598014
222,3.624258752904472,365.25342602743785,4096.0,hamming,4.0,cubic,0.0380859375,0.0400390625,0.26953125,208.66853687971334,122.72326990996574,33.86161923775879,57.12979591984393,33.59948495068921,9.270719129466865,5.340747045074156,4.8099319825537785,3.5222821971138134
223,3.355539876457065,372.22052661306816,4096.0,hamming,4.0,cubic,0.0029296875,0.0556640625,0.318359375,312.64883341527434,45.89446950394226,13.677223693851547,83.99559160805768,12.329913645963599,3.674494745978729,5.745080622726238,3.8263446196967927,2.615731945242125
224,3.49109160846773,144.64334595882784,4096.0,hamming,4.0,cubic,0.0029296875,0.0439453125,0.33203125,82.54737334991219,48.26949610332918,13.82647650558648,57.06959611775642,33.37139070128322,9.559013180960383,4.413372350961204,3.8767998104906956,2.626585341386477
225,4.419664283725111,385.5595522037211,4096.0,hamming,4.0,cubic,0.025390625,0.0400390625,0.2880859375,291.9482338738494,76.33878751814224,17.27253081172947,75.72065902794452,19.79948028308906,4.479860688966421,5.676576505298162,4.33518116453628,2.849117425239663
226,4.329119352361389,589.9334168082578,4096.0,hamming,4.0,cubic,0.005859375,0.04296875,0.3037109375,401.74246767625414,152.8772440545195,35.3137050774842,68.09962891233027,25.914321802897327,5.986049284772418,5.995811255658424,5.029635272915264,3.5642711344124263
227,5.282231057399611,219.3441799193761,4096.0,hamming,4.0,cubic,0.0390625,0.0400390625,0.30078125,83.56168068028707,114.1687607442026,21.613738494886427,38.096146754840575,52.05005247286132,9.853800772298104,4.42558504994094,4.737677711150939,3.073329153931425
228,1.105950705842623,1663.950897215791,4096.0,hamming,4.0,cubic,0.0029296875,0.0615234375,0.1845703125,1388.696257149621,144.55137179758228,130.7032682685877,83.4577666608588,8.6872378289199,7.854995510221316,7.23612064148288,4.9736349585424176,4.872929626198083
229,4.4692017076233235,139.94337755831967,4096.0,hamming,4.0,cubic,0.00390625,0.060546875,0.189453125,89.09423220062617,41.55178386400116,9.297361493692344,63.66448613368449,29.691854369232278,6.643659497083229,4.489694598381721,3.7269404533281474,2.229730649550152
230,1.7344596897514757,121.8916993004417,4096.0,hamming,4.0,cubic,0.0068359375,0.0439453125,0.1787109375,74.46464552598,30.082839869164683,17.34421390529701,61.09082567012023,24.679974142468673,14.229200187411086,4.310324456049592,3.403954905169283,2.8532589582817955
231,1.1758152564639526,130.71256292223492,4096.0,hamming,4.0,cubic,0.0048828125,0.0498046875,0.23046875,94.31553675978459,19.669031423778765,16.727994738671573,72.15491353795574,15.047544768501325,12.797541693542946,4.546645934920598,2.9790453898961893,2.817083647604019
232,3.182011653222307,202.36731902231458,4096.0,hamming,4.0,cubic,0.037109375,0.0400390625,0.251953125,116.16862494055206,65.58691649014698,20.61177759161551,57.40483468466685,32.40983613708637,10.185329178246759,4.755042798841334,4.183376232310735,3.0258626401698194
233,5.866209265180233,627.3087045011335,4096.0,hamming,4.0,cubic,0.0185546875,0.0400390625,0.22265625,462.07185921170304,141.17162401407913,24.065221275351448,73.6594049940954,22.504330483720242,3.8362645221843823,6.135720418406009,4.949976341790263,3.1807676976162464
234,1.2745877378572714,359.6434381241662,4096.0,hamming,4.0,cubic,0.0078125,0.0908203125,0.2353515625,196.50296887219852,91.41737563956177,71.72309361240592,54.638274480168946,25.41889158783987,19.94283393199118,5.280677539959549,4.515435565858015,4.272812782391241
235,0.8391125807079725,280.3496315638182,4096.0,hamming,4.0,cubic,0.00390625,0.0439453125,0.2353515625,213.15264741405164,30.659262177412444,36.537721972354106,76.03100679143571,10.936080781127487,13.032912427436786,5.362008563561258,3.422934808490458,3.598345205611633
236,0.7441985839085318,3185.0580255220007,4096.0,hamming,4.0,cubic,0.00390625,0.072265625,0.224609375,2984.160332350748,85.71717701633996,115.18051615491292,93.69249503269795,2.691228113569194,3.616276853732859,8.001073690560755,4.451053237449226,4.746500603357884
237,3.258353704141297,313.02535662803024,4096.0,hamming,4.0,cubic,0.001953125,0.0625,0.26953125,237.4389093529858,57.83629016584618,17.750157109198277,75.8529315039279,18.47655116150011,5.670517334572,5.469910366610084,4.05761643619884,2.876394367104691
238,0.6423776262301618,160.6106054548001,4096.0,hamming,4.0,cubic,0.0107421875,0.0595703125,0.224609375,95.0983330342824,25.62359433928277,39.888678081234914,59.210494079760814,15.953861992316504,24.835643927922682,4.554911440841276,3.2435135809015994,3.6860925262665463
239,3.3158810690131606,182.4047175116479,4096.0,hamming,4.0,cubic,0.0302734375,0.046875,0.232421875,109.58357165938097,55.94831161800067,16.872834234266264,60.077158723914714,30.67262315429312,9.250218121792168,4.696687469659957,4.024428257680639,2.825704886848986
240,1.2368034473999683,451.9247672171834,4096.0,hamming,4.0,cubic,0.005859375,0.048828125,0.224609375,376.97450210601846,41.44250867494959,33.50775643621533,83.4153225164697,9.170222940012799,7.414454543517499,5.932177551489712,3.7243071336418208,3.5117769474402474
241,1.8093562629464122,945.5240381008133,4096.0,hamming,4.0,cubic,0.0087890625,0.0400390625,0.2265625,725.5189199697297,141.69354154935613,78.31157658172744,76.73193813528131,14.985715417025553,8.28234644769314,6.5868871505089865,4.953666567318857,4.360695441132369
242,0.6015920237322336,283.7598424728026,4096.0,hamming,4.0,cubic,0.0048828125,0.0517578125,0.2568359375,188.70312472232212,35.70532467288059,59.35139307759987,66.50099713824329,12.582937868068075,20.916064993688636,5.2401750114441965,3.57529982816462,4.083475593022834
243,0.5933094686283019,2748.355289397104,4096.0,hamming,4.0,cubic,0.00390625,0.046875,0.25390625,2536.381104561294,78.9340008605645,133.0401839752456,92.28723500001668,2.8720450068840964,4.840719993099222,7.83849358209039,4.36861207115435,4.890651217740343
244,1.2403044086065924,1020.6072377767335,4096.0,hamming,4.0,cubic,0.0029296875,0.0419921875,0.150390625,746.2502813945529,151.8928147556313,122.46414162654938,73.11826271388851,14.882592356145835,11.999144929965649,6.615061041784869,5.023175106018357,4.807818265717582
245,1.828083817896836,839.1297217249556,4096.0,hamming,4.0,cubic,0.0029296875,0.0419921875,0.1943359375,702.7632578238012,88.14778557267184,48.21867832848257,83.74906044075844,10.504667310731287,5.746272248510269,6.555020075241987,4.47901478740153,3.875746463179596
246,1.3554569031473713,445.8439693754003,4096.0,hamming,4.0,cubic,0.0029296875,0.0625,0.212890625,192.56773880301097,145.74879917088052,107.52743140150879,43.19173343822199,32.69053955693637,24.117727004841637,5.260447981714885,4.981884586231862,4.677745990843892
247,1.1250397541797341,547.2438451675002,4096.0,hamming,4.0,cubic,0.005859375,0.0537109375,0.22265625,416.8944429591349,69.00965458624135,61.33974762212404,76.1807458668689,12.61040305809541,11.208851075035698,6.03283305536432,4.234246416348883,4.116428044268186
248,1.3188539838149576,432.08483269621144,4096.0,hamming,4.0,cubic,0.0068359375,0.041015625,0.2060546875,249.40441944446627,103.89994042904462,78.78047282270056,57.721169680542005,24.046190138336605,18.232640181121383,5.519075753395534,4.643428324756073,4.366665159336129
249,1.4673485407748246,928.0741183231811,4096.0,hamming,4.0,cubic,0.005859375,0.0419921875,0.25390625,640.8705064746612,170.80189271469663,116.40171913382332,69.0538065680108,18.40390647067034,12.54228696131886,6.462827418532042,5.14050436276085,4.757047304379196
250,0.7081059914266383,640.9703065408829,4096.0,hamming,4.0,cubic,0.013671875,0.0400390625,0.2314453125,386.54586543159604,105.47323879145682,148.95120231783002,60.306360760713495,16.45524569783319,23.238393541453313,5.957250529632695,4.658457259994308,5.0036187510826045
251,1.772553849985336,198.0838794353347,4096.0,hamming,4.0,cubic,0.0087890625,0.046875,0.220703125,106.28702887240038,58.68771886350138,33.109131699432936,53.6575864605369,29.627710761117353,16.714702778345753,4.666143254124412,4.072230486265066,3.499809126492627
252,0.5145101440470365,182.19607062595068,4096.0,hamming,4.0,cubic,0.0029296875,0.068359375,0.19921875,117.10782627175722,22.111810944334444,42.97643340985903,64.27571454720344,12.136272131647717,23.588013321148857,4.763095102458821,3.0961118976361925,3.7606519052178187
253,0.7205881890384804,518.6113851951648,4096.0,hamming,4.0,cubic,0.03515625,0.0849609375,0.26171875,224.17982375410912,123.30893993474773,171.1226215063079,43.2269383499449,23.776751427920136,32.996310222134966,5.41244851441238,4.814692913095407,5.1423803843523865
254,1.7614483365562077,824.236498048155,4096.0,hamming,4.0,cubic,0.0029296875,0.044921875,0.2451171875,564.068741164204,165.95351668259158,94.21424020135944,68.4353025496875,20.134211124547406,11.430486325765095,6.335176125567928,5.111707729159239,4.545571340023116
255,1.6428069090483786,879.3428888416274,4096.0,hamming,4.0,cubic,0.0068359375,0.0595703125,0.234375,299.0054018241224,360.74615591020415,219.59133110730096,34.00327740388133,41.02451506549634,24.972207530622345,5.700461639528905,5.8881745417696365,5.391768233024221
256,0.5245330836701227,620.4884066374507,4096.0,hamming,4.0,cubic,0.0087890625,0.0693359375,0.248046875,200.34016113864672,144.5568201639404,275.5914253348636,32.28749465672206,23.297263674485453,44.41524166879249,5.300016727509174,4.973672649389721,5.618919425937291
257,0.9604119598584094,738.2449774923582,4096.0,hamming,4.0,cubic,0.029296875,0.0419921875,0.2666015625,406.2586517976804,162.64114085982527,169.3451848348525,55.03033060619579,22.030781897396494,22.938887496407713,6.006990030149927,5.091546183927961,5.131939145643443
258,1.1919285640351962,753.5860999852752,4096.0,hamming,4.0,cubic,0.0302734375,0.0615234375,0.2294921875,370.8592710574409,208.11948304642505,174.60734588140932,49.21259442878357,27.61721362038016,23.170191950836287,5.915822667350848,5.338112352498324,5.162539715151683
259,,,,,,,,,,,,,,,,,,
260,1.711403822909962,1027.1619853442708,4096.0,hamming,4.0,cubic,0.0029296875,0.0419921875,0.3076171875,890.2777445292957,86.39960268826961,50.484638126705384,86.67354879093428,8.411487566813653,4.914963642252064,6.791533486546516,4.458983077284039,3.9216690944936903
261,2.4694360153349413,300.2296190414292,4096.0,hamming,4.0,cubic,0.0048828125,0.0400390625,0.2373046875,209.74644867065956,64.40308992805993,26.08008044270976,69.86201073043239,21.451277903121486,8.686711366446136,5.345899413955635,4.165161612208671,3.2611718215134253
262,3.175673421954113,115.39589711957743,4096.0,hamming,4.0,cubic,0.009765625,0.041015625,0.2421875,64.99812527178497,38.32839602380678,12.06937582398566,56.32620127250413,33.21469565255817,10.459103074937692,4.17435842750716,3.6461910320208344,2.490671320763632
263,3.779117515084573,100.97718651607036,4096.0,hamming,4.0,cubic,0.0244140625,0.044921875,0.203125,51.42199007056925,39.18608618841129,10.369110257089833,50.92436405166183,38.80687068080955,10.268765267528627,3.940065903355832,3.6683217396156427,2.33883121885839
264,2.21857641363598,375.09205120084334,4096.0,hamming,4.0,cubic,0.0029296875,0.0439453125,0.1591796875,305.42540141999723,48.02147476319143,21.645175017654683,81.42678588954074,12.802583954912523,5.77063015554674,5.721705563588997,3.8716483017582433,3.074782566684986
265,1.0029411880530434,272.23945955556064,4096.0,hamming,4.0,cubic,0.00390625,0.103515625,0.345703125,130.19206513501777,71.12799086150984,70.91940355903304,47.82262841233977,26.126995321555697,26.050376266104543,4.86901078425387,4.2644809423393255,4.261544071117527
266,3.9157595848218802,1276.41223561313,4096.0,hamming,4.0,cubic,0.0029296875,0.04296875,0.2626953125,1138.0402201375282,110.22336152131864,28.14865395428317,89.15930045052144,8.635404647964094,2.205294901514466,7.037062956889087,4.702508866278165,3.3374995365430804
267,2.1175042187126003,77.8075079575927,4096.0,hamming,4.0,cubic,0.013671875,0.04296875,0.25390625,45.888669314059996,21.680251490404864,10.238587153127854,58.977173949679276,27.863958195681082,13.15886785463965,3.8262182306897334,3.07640177661509,2.3261636367648086
268,0.9595461776856146,355.4399916818777,4096.0,hamming,4.0,cubic,0.0126953125,0.076171875,0.2724609375,73.66779997909529,137.97757491269556,143.79461679008688,20.725805115657526,38.81880996558959,40.45538491875289,4.2995657970629155,4.927091171319906,4.968386009190445
269,4.37897530619517,297.239406570308,4096.0,hamming,4.0,cubic,0.009765625,0.052734375,0.1708984375,251.89247926361293,36.91652472528385,8.430402581411244,84.74397192824132,12.419794922633093,2.8362331491255834,5.529002326873217,3.6086592753364393,2.1318445266755375
270,3.7510781525890673,197.99268950296545,4096.0,hamming,4.0,cubic,0.0126953125,0.048828125,0.1845703125,134.07476110202109,50.4645760568848,13.453352344059578,67.71702603697041,25.488100688752436,6.794873274277169,4.898397563043953,3.921271625920072,2.599228319902988
271,2.9922820625526447,561.9271185680243,4096.0,hamming,4.0,cubic,0.01953125,0.044921875,0.171875,422.0392201287673,104.8483155021202,35.039582937136814,75.10568651754386,18.658703600087552,6.235609882368594,6.04509824841124,4.652514691430796,3.556478363518383
272,3.007536585033992,394.6275838975363,4096.0,hamming,4.0,cubic,0.0087890625,0.056640625,0.2724609375,273.1236422569287,91.18508139754456,30.318860243063,69.2104792978294,23.10661624232037,7.682904459850224,5.609924594695818,4.512891302532153,3.411769969139613
273,1.0923423820831857,170.71734125672887,4096.0,hamming,4.0,cubic,0.0029296875,0.041015625,0.2705078125,142.46432178412732,14.749961983285598,13.50305748931596,83.45041033053931,8.639990451294722,7.909599218165972,4.959091594915321,2.691240505378141,2.6029161404915753
274,9.609764910742207,868.1177442876022,4096.0,hamming,4.0,cubic,0.0029296875,0.041015625,0.2705078125,681.1695542652661,169.32780054197596,17.62038948036014,78.46511129941824,19.50516524471347,2.029723455868287,6.523811253522636,5.131836484411858,2.8690567247109606
275,0.620519037820134,558.0335179831669,4096.0,hamming,4.0,cubic,0.0244140625,0.052734375,0.35546875,206.29812548895714,134.6843216426436,217.0510708515662,36.96876958834937,24.13552543033918,38.89570498131146,5.329322333700284,4.902933682006775,5.380132675396488
276,1.01734954174027,740.2579402186358,4096.0,hamming,4.0,cubic,0.00390625,0.044921875,0.27734375,463.4568203929364,139.59082775756508,137.21029206813435,62.607477098598096,18.857052410182433,18.535470491219478,6.138713220780469,4.938715484427316,4.92151472755216
277,1.579355020455719,123.65724698040123,4096.0,hamming,4.0,cubic,0.0029296875,0.0556640625,0.265625,78.60715657409996,27.584448783093524,17.465641623207745,63.56858048647859,22.307183328661246,14.124236184860173,4.3644627458513785,3.3172521640376478,2.860235615242601
278,3.391733385342986,889.0061387879399,4096.0,hamming,4.0,cubic,0.00390625,0.046875,0.2431640625,700.4900041227911,145.59091172372334,42.925222941425446,78.79473195515057,16.37681736621304,4.82845067863639,6.5517800960432595,4.980800714334487,3.759459600513219
279,2.062390833497277,492.5918443242762,4096.0,hamming,4.0,cubic,0.0048828125,0.0693359375,0.216796875,415.9481389006127,51.616297234834875,25.027408188828637,84.44072789536311,10.478512348421171,5.080759756215725,6.030560586385502,3.9438374605056286,3.2199715518931713
280,2.581673585883639,305.51081711114506,4096.0,hamming,4.0,cubic,0.0029296875,0.0498046875,0.2470703125,155.5377874595539,108.10069649351777,41.87233315807341,50.91073007832948,35.38359051103276,13.705679410637767,5.0468887082688365,4.683063167672675,3.734625302339854
281,1.156366100590965,117.40956577450261,4096.0,hamming,4.0,cubic,0.0068359375,0.048828125,0.2587890625,54.30789973887693,33.838700893328046,29.262965142297634,46.25508950708577,28.82107660488143,24.923833888032796,3.994669699578802,3.521605144324053,3.376322728198519
282,0.7876573875103957,366.1857487562181,4096.0,hamming,4.0,cubic,0.00390625,0.052734375,0.236328125,295.5746163094077,31.111878876109188,39.499253570701214,80.71712711741314,8.49620144469942,10.786671437887433,5.688921313632485,3.437589703689182,3.6762817747842536
283,0.3921618724578196,95.47476606026027,4096.0,hamming,4.0,cubic,0.00390625,0.0400390625,0.2509765625,62.96045291961788,9.159045492607067,23.35526764803532,65.94460035637006,9.593158350161554,24.462241293468377,4.142506797851028,2.214741969392582,3.1508225538770733
284,0.4534853922655261,135.70623243495945,4096.0,hamming,4.0,cubic,0.0078125,0.046875,0.2490234375,63.356079498363066,22.573145667314318,49.77700726928206,46.686197355547414,16.633831226677856,36.67997141777472,4.148770868987616,3.1167609549465394,3.9075531759936495
285,1.112660035515201,210.38345807642995,4096.0,hamming,4.0,cubic,0.0029296875,0.0615234375,0.251953125,164.16030331782852,24.34402892597342,21.879125832628,78.02909260013729,11.57126570147426,10.399641698388454,5.100843409677021,3.192286600811735,3.0855330239507097
286,0.8479079919396946,197.07049077432694,4096.0,hamming,4.0,cubic,0.0087890625,0.0546875,0.2373046875,109.09280009353637,40.368344834278496,47.60934584651208,55.357247888758124,20.484215914652516,24.158536196589363,4.692198897018236,3.6980459341303127,3.8630290832782204
287,0.91420285646459,178.75513392072585,4096.0,hamming,4.0,cubic,0.017578125,0.044921875,0.2578125,121.64711115406621,27.274182234139236,29.833840532520423,68.05237337016243,15.257845543185777,16.689781086651813,4.80112432175534,3.3059405490199505,3.395643337558253
288,1.0340446940198056,256.91725792397176,4096.0,hamming,4.0,cubic,0.0322265625,0.041015625,0.2412109375,114.11870330855984,72.59431818184342,70.2042364335685,44.41846539648591,28.255913506334362,27.32562109717973,4.737239163754982,4.284886656810044,4.251408657267426
289,2.199942533438127,371.6274939592967,4096.0,hamming,4.0,cubic,0.01171875,0.04296875,0.236328125,169.57295406737933,138.9113622315289,63.14317766038854,45.62981932815556,37.379194082648645,16.9909865891958,5.1332832416989405,4.933836047937622,4.145404809079003
290,4.4965398272254244,197.33226279880512,4096.0,hamming,4.0,cubic,0.0283203125,0.052734375,0.228515625,134.1659385007033,51.67430817821002,11.49201611989179,67.98986470727061,26.186446881671756,5.823688411057624,4.89907738085183,3.9449607175383967,2.4416525438215753
291,3.6382375926003485,762.4177129274152,4096.0,hamming,4.0,cubic,0.00390625,0.05859375,0.2041015625,690.2346459512036,56.620460375081606,15.562606601130028,90.53234654018542,7.426435589708298,2.041217870106284,6.537031606377713,4.03637041061293,2.744871024073275
292,1.002727805625542,1239.9199010594682,4096.0,hamming,4.0,cubic,0.00390625,0.041015625,0.22265625,1138.3219385706113,50.86817174871016,50.729790740146626,91.80608663494755,4.102536922364508,4.091376442687935,7.0373104732462215,3.929237418513384,3.9265133265976213
293,3.4081491157560064,436.492284497071,4096.0,hamming,4.0,cubic,0.0029296875,0.05859375,0.244140625,299.9887819389062,105.53733082176379,30.966171736401023,68.72716714444451,24.17851003789552,7.09432281765998,5.703745080420066,4.659064736978948,3.4328953743458435
294,2.148707117799305,453.5912802965883,4096.0,hamming,4.0,cubic,0.015625,0.0400390625,0.197265625,329.2851598672845,84.82765648243031,39.47846394687349,72.59512564967648,18.701341971777836,8.703532378545688,5.796924122673798,4.440621627391006,3.675755306687647
295,1.9203494630544102,482.81280898382926,4096.0,hamming,4.0,cubic,0.0029296875,0.072265625,0.244140625,320.9950022481609,106.40738110584589,55.410425629822456,66.48435921237375,22.03905512154914,11.47658566607712,5.771425553688442,4.667274945797011,4.0147677643119914
296,2.3307316949715116,568.1655250034568,4096.0,hamming,4.0,cubic,0.0029296875,0.0498046875,0.3232421875,463.64494012958875,73.1399170669518,31.380667806916225,81.6038495343004,12.872994549696907,5.5231559160027,6.139119044061676,4.292374278826031,3.446192028369591
297,,,,,,,,,,,,,,,,,,
298,,,,,,,,,,,,,,,,,,
299,,,,,,,,,,,,,,,,,,
300,,,,,,,,,,,,,,,,,,
301,,,,,,,,,,,,,,,,,,
302,,,,,,,,,,,,,,,,,,
303,,,,,,,,,,,,,,,,,,
304,,,,,,,,,,,,,,,,,,
305,,,,,,,,,,,,,,,,,,
306,,,,,,,,,,,,,,,,,,
307,,,,,,,,,,,,,,,,,,
308,,,,,,,,,,,,,,,,,,
309,,,,,,,,,,,,,,,,,,
