,nni_counter,nni_mean,nni_min,nni_max,hr_mean,hr_min,hr_max,hr_std,nni_diff_mean,nni_diff_min,nni_diff_max,sdnn,sdnn_index,sdann,rmssd,sdsd,nn50,pnn50,nn20,pnn20,nni_histogram,tinn_n,tinn_m,tinn,tri_index
0,373.0,797.4631367292225,722.5,840.0,75.27366869509042,71.42857142857143,83.04498269896193,1.6370753804412561,6.754032258064516,0.0,117.0,17.144854915709182,,,10.584005355008033,8.15985322915361,1.0,0.2688172043010753,3.0,0.8064516129032258,,750.0,835.9375,85.9375,5.328571428571428
1,368.0,775.3838315217391,442.5,1537.5,78.09514462527487,39.02439024390244,135.59322033898306,7.578914680213371,18.957765667574932,0.0,312.0,80.91134584363797,,,49.14308721432727,45.401130617656875,32.0,8.71934604904632,43.0,11.716621253405995,,710.9375,828.125,117.1875,7.829787234042553
2,375.0,795.5533333333333,725.0,830.0,75.47307951906585,72.28915662650603,82.75862068965517,2.0479657499387383,5.461229946524064,0.0,22.0,20.99454842517328,,,7.056478925828344,4.4746394408615595,0.0,0.0,1.0,0.267379679144385,,765.625,828.125,62.5,4.6875
3,368.0,809.7146739130435,452.5,957.5,74.35715675711532,62.66318537859008,132.59668508287294,5.400135004127743,11.232970027247957,0.0,382.0,39.95855924343783,,,34.76476352464682,32.94490202425844,9.0,2.452316076294278,17.0,4.632152588555858,,765.625,835.9375,70.3125,5.041095890410959
4,374.0,795.8355614973262,750.0,832.5,75.42276172975208,72.07207207207207,80.0,1.5164086875638045,6.420911528150134,0.0,27.0,15.950646446772447,,,8.16684676353005,5.0534885986163305,0.0,0.0,1.0,0.2680965147453083,,750.0,828.125,78.125,5.3428571428571425
5,369.0,810.6131436314363,780.0,830.0,74.0261885772468,72.28915662650603,76.92307692307692,0.7791512665029808,4.565217391304348,0.0,20.0,8.496601782891283,,,5.8908349273514995,3.728068395035402,0.0,0.0,0.0,0.0,,781.25,820.3125,39.0625,2.6357142857142857
6,389.0,765.2859897172236,532.5,1400.0,78.8944588537757,42.857142857142854,112.67605633802818,5.835304094026765,12.448453608247423,0.0,407.0,67.47619781601144,,,38.81206923384862,36.809030733112124,17.0,4.381443298969072,19.0,4.896907216494846,,664.0625,828.125,164.0625,8.840909090909092
7,382.0,732.2120418848167,487.5,897.5,82.24843293069213,66.85236768802228,123.07692307692308,5.300760245199179,17.034120734908136,0.0,262.0,42.85618526618274,,,40.2527425761511,36.51879429532665,26.0,6.824146981627297,54.0,14.173228346456693,,671.875,773.4375,101.5625,7.2075471698113205
8,411.0,723.8138686131387,570.0,785.0,83.17282656723921,76.43312101910828,105.26315789473684,4.905426753583566,6.128048780487805,0.0,95.0,41.28338112597431,,,8.804707028269512,6.329898093600343,1.0,0.24390243902439024,6.0,1.4634146341463417,,710.9375,781.25,70.3125,6.85
9,391.0,761.5760869565217,700.0,857.5,78.84481353906664,69.97084548104957,85.71428571428571,2.192450475804356,7.685897435897436,0.0,112.0,21.20375836147164,,,12.798623139756254,10.246998005756849,4.0,1.0256410256410255,16.0,4.102564102564102,,710.9375,804.6875,93.75,6.015384615384615
10,406.0,723.1588669950739,607.5,817.5,83.10453785897096,73.39449541284404,98.76543209876543,3.3593963226533403,7.635802469135802,0.0,210.0,29.228222211612557,,,15.248836223556193,13.215625911329804,3.0,0.7407407407407408,10.0,2.4691358024691357,,671.875,804.6875,132.8125,9.227272727272727
11,377.0,789.4197612732096,700.0,857.5,76.18200605779226,69.97084548104957,85.71428571428571,3.7014778819159386,6.80186170212766,0.0,37.0,37.85343625979729,,,8.660413984912669,5.367874902535187,0.0,0.0,4.0,1.0638297872340425,,726.5625,851.5625,125.0,10.18918918918919
12,359.0,831.4972144846797,797.5,860.0,72.17355201669461,69.76744186046511,75.23510971786834,1.0290675966368732,5.844972067039106,0.0,20.0,11.800423391524175,,,7.312602957304136,4.400517524224881,0.0,0.0,0.0,0.0,,796.875,859.375,62.5,3.860215053763441
13,372.0,800.866935483871,717.5,937.5,75.01130632802304,64.0,83.62369337979094,2.6468386238742094,7.863881401617251,0.0,217.0,28.098372895533995,,,17.065916548401876,15.166571468833348,4.0,1.078167115902965,9.0,2.4258760107816713,,726.5625,851.5625,125.0,8.454545454545455
14,382.0,780.065445026178,740.0,827.5,76.97232515835444,72.50755287009063,81.08108108108108,2.069358367148678,5.544619422572178,0.0,25.0,21.059431205871103,,,7.093072662113807,4.429488942190757,0.0,0.0,2.0,0.5249343832020997,,742.1875,820.3125,78.125,6.063492063492063
15,371.0,803.167115902965,615.0,912.5,74.75176840864194,65.75342465753425,97.5609756097561,1.9843632294315976,7.3175675675675675,0.0,200.0,19.4348279471463,,,16.303187385260557,14.588431007839397,5.0,1.3513513513513513,5.0,1.3513513513513513,,773.4375,820.3125,46.875,3.6019417475728157
16,366.0,815.2185792349727,790.0,842.5,73.61172796297424,71.21661721068249,75.9493670886076,0.9354497160703555,6.4520547945205475,0.0,20.0,10.3436775879214,,,7.806156100114878,4.4000117462289445,0.0,0.0,0.0,0.0,,789.0625,835.9375,46.875,2.9047619047619047
17,371.0,803.2142857142857,757.5,840.0,74.72797790334943,71.42857142857143,79.20792079207921,1.4614670336972713,7.398648648648648,0.0,22.0,15.497228547843408,,,8.82353272389975,4.814288051478988,0.0,0.0,2.0,0.5405405405405406,,757.8125,828.125,70.3125,4.416666666666667
18,365.0,817.2739726027397,782.5,870.0,73.44557896647493,68.96551724137932,76.6773162939297,1.49716949365926,8.839285714285714,0.0,27.0,16.858338558567723,,,10.856993745361246,6.3127507100279106,0.0,0.0,18.0,4.945054945054945,,781.25,835.9375,54.6875,3.65
19,379.0,788.519129287599,497.5,925.0,76.22918643795379,64.86486486486487,120.60301507537689,3.5790265075379404,9.19973544973545,0.0,300.0,30.988308611393098,,,26.220089829559967,24.58570867609429,7.0,1.8518518518518516,9.0,2.380952380952381,,742.1875,828.125,85.9375,5.492753623188406
20,373.0,800.7037533512064,692.5,912.5,75.00449588092238,65.75342465753425,86.64259927797833,2.313425865825454,6.733870967741935,0.0,220.0,24.47617970540458,,,15.940497557027241,14.467796120966769,3.0,0.8064516129032258,6.0,1.6129032258064515,,757.8125,851.5625,93.75,6.660714285714286
21,360.0,823.4409722222222,597.5,937.5,72.96328801135506,64.0,100.418410041841,2.8352804843109976,8.175487465181059,0.0,235.0,28.872362625263033,,,19.67108542178873,17.916673150639703,6.0,1.6713091922005572,6.0,1.6713091922005572,,781.25,859.375,78.125,5.625
22,394.0,746.9352791878173,657.5,930.0,80.46524685995135,64.51612903225806,91.25475285171103,3.2617809274069423,8.982188295165395,0.0,262.0,31.548561434784236,,,21.914502984364916,20.014620526629994,7.0,1.7811704834605597,13.0,3.307888040712468,,687.5,765.625,78.125,5.397260273972603
23,392.0,758.8392857142857,587.5,832.5,79.23575661313481,72.07207207207207,102.12765957446808,3.696165233166805,6.553708439897698,0.0,142.0,34.60914950718502,,,11.577650295278454,9.556383125138552,3.0,0.7672634271099744,4.0,1.0230179028132993,,679.6875,820.3125,140.625,7.84
24,388.0,770.6765463917526,715.0,840.0,77.91578425707226,71.42857142857143,83.91608391608392,2.1864479115325,5.762273901808785,0.0,27.0,21.97191332932934,,,7.284072272545239,4.4615404680364374,0.0,0.0,1.0,0.2583979328165375,,726.5625,789.0625,62.5,4.790123456790123
25,389.0,767.3907455012853,720.0,810.0,78.2350900383701,74.07407407407408,83.33333333333333,1.9471168431327153,4.954896907216495,0.0,20.0,19.00067792962379,,,6.45206019469857,4.137898838036439,0.0,0.0,0.0,0.0,,710.9375,804.6875,93.75,6.174603174603175
26,394.0,757.6903553299493,697.5,835.0,79.27811403572936,71.8562874251497,86.02150537634408,2.655985695057805,6.278625954198473,0.0,32.0,25.79354927297401,,,8.193935882207663,5.271636769508193,0.0,0.0,6.0,1.5267175572519083,,710.9375,773.4375,62.5,5.184210526315789
27,367.0,806.2431880108992,745.0,842.5,74.45971542544615,71.21661721068249,80.53691275167785,1.752943768013378,6.215846994535519,0.0,25.0,18.67829846722978,,,7.749254473807003,4.633881748263597,0.0,0.0,1.0,0.273224043715847,,773.4375,835.9375,62.5,3.863157894736842
28,357.0,837.5,795.0,870.0,71.65897640669532,68.96551724137932,75.47169811320755,1.1173311501008198,5.259831460674158,0.0,22.0,12.920970045486312,,,6.5668736540316495,3.93720030765445,0.0,0.0,1.0,0.2808988764044944,,812.5,859.375,46.875,3.051282051282051
29,359.0,830.0696378830083,800.0,852.5,72.29272753374875,70.38123167155425,75.0,0.8382160558118993,4.818435754189944,0.0,15.0,9.569761363277,,,5.8971634124254315,3.404642704314241,0.0,0.0,0.0,0.0,,796.875,851.5625,54.6875,3.234234234234234
30,369.0,809.6273712737127,750.0,845.0,74.15825487300842,71.00591715976331,80.0,1.9450874417980848,5.135869565217392,0.0,20.0,20.91601435231478,,,6.536893624717291,4.049491683288429,0.0,0.0,0.0,0.0,,757.8125,843.75,85.9375,6.049180327868853
31,361.0,824.7299168975069,780.0,857.5,72.76870264650509,69.97084548104957,76.92307692307692,1.138578752429294,5.9375,0.0,22.0,12.797017545062221,,,7.177075774064718,4.037547916184707,0.0,0.0,1.0,0.2777777777777778,,796.875,851.5625,54.6875,4.056179775280899
32,369.0,808.3739837398374,762.5,845.0,74.24327521420115,71.00591715976331,78.68852459016394,1.2300560692541727,7.466032608695652,0.0,25.0,13.318402103855268,,,9.038652406130051,5.101599562412742,0.0,0.0,5.0,1.358695652173913,,773.4375,820.3125,46.875,3.481132075471698
33,373.0,799.9195710455764,760.0,832.5,75.02785421546058,72.07207207207207,78.94736842105263,1.243258434097596,7.412634408602151,0.0,22.0,13.108581603036251,,,8.89473234228328,4.922830529952211,0.0,0.0,1.0,0.2688172043010753,,773.4375,828.125,54.6875,3.73
34,377.0,792.0822281167109,757.5,835.0,75.77046317931905,71.8562874251497,79.20792079207921,1.250770980125968,7.586436170212766,0.0,25.0,13.180518998670042,,,9.211187019709064,5.231130956826683,0.0,0.0,8.0,2.127659574468085,,757.8125,820.3125,62.5,4.01063829787234
35,384.0,774.8470052083334,342.5,810.0,77.77659856506203,74.07407407407408,175.1824817518248,7.063502911250888,6.592689295039165,0.0,66.0,38.652294459539114,,,10.981901203662204,8.794346787505967,6.0,1.5665796344647518,6.0,1.5665796344647518,,750.0,804.6875,54.6875,3.4285714285714284
36,386.0,769.8801813471503,745.0,795.0,77.94173892384704,75.47169811320755,80.53691275167785,0.7683912628326294,5.142857142857143,0.0,17.0,7.568934653252702,,,6.538162198589519,4.0424039352708006,0.0,0.0,0.0,0.0,,750.0,781.25,31.25,2.490322580645161
37,391.0,762.3017902813299,742.5,777.5,78.714647658574,77.17041800643086,80.8080808080808,0.6691665041899404,4.9423076923076925,0.0,17.0,6.46804546762698,,,6.280055936383255,3.8795992435670694,0.0,0.0,0.0,0.0,,742.1875,773.4375,31.25,2.196629213483146
38,396.0,753.989898989899,690.0,790.0,79.6043126948483,75.9493670886076,86.95652173913044,1.5075986100934575,5.569620253164557,0.0,22.0,13.871787195230871,,,7.151170568957863,4.491061467421404,0.0,0.0,4.0,1.0126582278481013,,734.375,773.4375,39.0625,2.788732394366197
39,398.0,747.5847989949749,712.5,780.0,80.2707155911982,76.92307692307692,84.21052631578948,0.9933312281632537,5.17632241813602,0.0,17.0,9.25381761834819,,,6.528432775851806,3.983225537634396,0.0,0.0,0.0,0.0,,718.75,757.8125,39.0625,2.842857142857143
40,398.0,749.4409547738693,722.5,780.0,80.07385590358518,76.92307692307692,83.04498269896193,1.0667958138680902,5.5604534005037785,0.0,20.0,9.988262940432584,,,7.014064675675524,4.2807264553844195,0.0,0.0,0.0,0.0,,718.75,765.625,46.875,2.8028169014084505
41,393.0,745.3339694656488,672.5,775.0,80.5554166629985,77.41935483870968,89.21933085501858,2.146544382435094,4.674744897959184,0.0,17.0,19.018978061039718,,,5.914631039349171,3.628112465543723,0.0,0.0,0.0,0.0,,726.5625,765.625,39.0625,2.889705882352941
42,390.0,764.7371794871794,635.0,792.5,78.4794419168657,75.70977917981072,94.48818897637796,1.3355896833841137,7.133676092544987,0.0,145.0,12.166297468038994,,,11.78753644423484,9.395936943122992,3.0,0.7712082262210797,3.0,0.7712082262210797,,742.1875,789.0625,46.875,3.2231404958677685
43,396.0,754.4823232323232,430.0,802.5,79.76991224558523,74.76635514018692,139.53488372093022,5.270420488536287,6.139240506329114,0.0,330.0,35.999435847468,,,18.457818911324026,17.4289943067505,1.0,0.25316455696202533,8.0,2.0253164556962027,,734.375,796.875,62.5,4.714285714285714
44,383.0,778.3028720626631,732.5,802.5,77.11430799616474,74.76635514018692,81.91126279863481,1.3583241860620705,3.31151832460733,0.0,17.0,13.502653107605266,,,4.360250004840553,2.8402013344828627,0.0,0.0,0.0,0.0,,750.0,796.875,46.875,4.031578947368421
45,371.0,796.9979784366577,630.0,835.0,75.3368013857484,71.8562874251497,95.23809523809524,2.0960128029092386,4.831081081081081,0.0,180.0,20.789694512648893,,,12.605132213035615,11.658360000732829,3.0,0.8108108108108109,3.0,0.8108108108108109,,750.0,828.125,78.125,4.946666666666666
46,379.0,787.2196569920844,402.5,825.0,76.51741920214586,72.72727272727273,149.06832298136646,5.984143184168653,6.9378306878306875,0.0,255.0,40.474273989923155,,,20.94793216508363,19.791883692349877,12.0,3.1746031746031744,12.0,3.1746031746031744,,765.625,820.3125,54.6875,4.031914893617022
47,390.0,767.1089743589744,562.5,907.5,78.33819259016867,66.11570247933884,106.66666666666667,3.2961444087340763,7.487146529562982,0.0,275.0,28.841965745963197,,,23.697993616690983,22.513117733919618,8.0,2.056555269922879,11.0,2.827763496143959,,703.125,804.6875,101.5625,6.724137931034483
48,378.0,786.385582010582,535.0,912.5,76.45244192030884,65.75342465753425,112.14953271028037,3.8520240252946265,8.435013262599469,0.0,260.0,31.876034597369575,,,25.630936482137564,24.235375442728365,10.0,2.6525198938992043,16.0,4.244031830238726,,773.4375,804.6875,31.25,2.8208955223880596
49,375.0,795.69,647.5,825.0,75.4544130039592,72.72727272727273,92.66409266409266,1.9936847822552668,4.973262032085562,0.0,122.0,19.322286407290093,,,9.17489199108787,7.720406634806118,1.0,0.267379679144385,5.0,1.3368983957219251,,781.25,820.3125,39.0625,2.7777777777777777
50,374.0,798.4291443850267,747.5,815.0,75.16062673869281,73.61963190184049,80.2675585284281,1.006511481105715,4.1756032171581765,0.0,20.0,10.398671332713594,,,5.354397355966067,3.356204329008313,0.0,0.0,0.0,0.0,,781.25,812.5,31.25,2.1871345029239766
51,374.0,800.4879679144385,780.0,820.0,74.96072697570666,73.17073170731707,76.92307692307692,0.6973103139347073,3.7935656836461127,0.0,15.0,7.420209317487052,,,4.920956989689096,3.1386442169413935,0.0,0.0,0.0,0.0,,781.25,812.5,31.25,2.72992700729927
52,382.0,779.7578534031413,515.0,825.0,77.11478157464973,72.72727272727273,116.50485436893204,3.903534182891929,7.440944881889764,0.0,247.0,34.046850857600035,,,20.971376646549544,19.632693095543363,12.0,3.149606299212598,13.0,3.4120734908136483,,750.0,820.3125,70.3125,5.380281690140845
53,387.0,771.9315245478036,660.0,895.0,77.77805546699226,67.0391061452514,90.9090909090909,2.007909781658969,5.984455958549223,0.0,152.0,19.696070921144585,,,13.715119048001863,12.356631330657164,4.0,1.0362694300518136,10.0,2.5906735751295336,,726.5625,789.0625,62.5,4.719512195121951
54,375.0,795.8933333333333,700.0,875.0,75.43897332803589,68.57142857142857,85.71428571428571,2.014811727599242,5.768716577540107,0.0,175.0,20.62083273228282,,,13.052517155699194,11.724233320914653,3.0,0.8021390374331552,4.0,1.06951871657754,,757.8125,835.9375,78.125,5.0675675675675675
55,361.0,826.3157894736842,777.5,850.0,72.6280747796787,70.58823529411765,77.17041800643086,1.1099307166485135,4.527777777777778,0.0,20.0,12.40379646183646,,,5.755432216610669,3.5580041282527444,0.0,0.0,0.0,0.0,,796.875,843.75,46.875,3.8404255319148937
56,360.0,828.3541666666666,777.5,857.5,72.45488265359833,69.97084548104957,77.17041800643086,1.2788460189831687,5.786908077994429,0.0,22.0,14.357754279089702,,,7.157937721397017,4.218689617558052,0.0,0.0,1.0,0.2785515320334262,,796.875,851.5625,54.6875,3.711340206185567
57,359.0,830.4108635097493,772.5,872.5,72.27957488039067,68.76790830945559,77.66990291262135,1.3852799607041306,7.039106145251397,0.0,25.0,15.747940153704876,,,8.423165715477232,4.632564225094564,0.0,0.0,2.0,0.5586592178770949,,796.875,867.1875,70.3125,5.128571428571429
58,362.0,823.8950276243094,747.5,857.5,72.87725330569481,69.97084548104957,80.2675585284281,2.00056718013708,6.745152354570637,0.0,25.0,21.670729780596027,,,8.319702610282755,4.877116069695201,0.0,0.0,2.0,0.554016620498615,,796.875,851.5625,54.6875,5.027777777777778
59,373.0,797.6675603217158,405.0,862.5,76.16914306231601,69.56521739130434,148.14814814814815,11.136179084843015,8.245967741935484,0.0,315.0,69.90185527656404,,,20.01745350189331,18.264699089519258,6.0,1.6129032258064515,11.0,2.956989247311828,,796.875,859.375,62.5,6.322033898305085
60,385.0,776.2824675324675,715.0,817.5,77.33646772033869,73.39449541284404,83.91608391608392,1.8763570516953374,4.557291666666667,0.0,37.0,18.68231613698021,,,6.348080247591481,4.4249526114498705,0.0,0.0,3.0,0.78125,,734.375,812.5,78.125,5.273972602739726
61,377.0,791.9993368700266,512.5,840.0,75.84523159208824,71.42857142857143,117.07317073170732,2.9249341925617354,7.340425531914893,0.0,270.0,24.237286565628757,,,18.112959133278853,16.58097206896426,4.0,1.0638297872340425,9.0,2.393617021276596,,757.8125,828.125,70.3125,4.435294117647059
62,382.0,782.8337696335078,727.5,860.0,76.7236605711678,69.76744186046511,82.47422680412372,2.452961996945763,6.601049868766404,0.0,30.0,25.316159218361353,,,8.691766601167386,5.661897792628654,0.0,0.0,11.0,2.8871391076115485,,726.5625,820.3125,93.75,6.262295081967213
63,375.0,794.3866666666667,747.5,850.0,75.5832327912683,70.58823529411765,80.2675585284281,1.9969789140082088,5.795454545454546,0.0,30.0,21.257245278424353,,,7.5554987590050064,4.853994864719359,0.0,0.0,5.0,1.3368983957219251,,742.1875,820.3125,78.125,5.597014925373134
64,381.0,781.8602362204724,305.0,860.0,77.51210392590913,69.76744186046511,196.72131147540983,10.4706945832017,11.427631578947368,0.0,377.0,61.43759489402382,,,37.80898653388237,36.08816913781674,6.0,1.5789473684210527,18.0,4.736842105263158,,718.75,859.375,140.625,9.292682926829269
65,379.0,787.1108179419525,742.5,810.0,76.25076586440993,74.07407407407408,80.8080808080808,1.330544091579196,5.125661375661376,0.0,22.0,13.419744362214596,,,6.514889336649017,4.026695100712372,0.0,0.0,1.0,0.26455026455026454,,765.625,804.6875,39.0625,3.2393162393162394
66,387.0,763.375322997416,607.5,815.0,78.77127777388432,73.61963190184049,98.76543209876543,3.783419443814912,7.3639896373057,0.0,92.0,35.065700897958145,,,11.386608218362488,8.696115013948647,3.0,0.7772020725388601,21.0,5.4404145077720205,,742.1875,812.5,70.3125,6.344262295081967
67,386.0,768.6819948186528,617.5,885.0,78.199595110651,67.79661016949153,97.16599190283401,3.4147219554166237,8.616883116883116,0.0,217.0,32.54853129185887,,,18.07519466942645,15.909727866326739,6.0,1.5584415584415585,13.0,3.3766233766233764,,710.9375,820.3125,109.375,6.433333333333334
68,378.0,790.3042328042328,667.5,1477.5,76.48072830620022,40.609137055837564,89.88764044943821,5.6026782861905415,11.770557029177718,0.0,205.0,81.80475550044002,,,25.692578452408323,22.86809369543866,17.0,4.509283819628647,26.0,6.896551724137931,,742.1875,828.125,85.9375,6.872727272727273
69,369.0,807.5067750677507,752.5,830.0,74.32111783195212,72.28915662650603,79.734219269103,1.1821016741768244,4.891304347826087,0.0,17.0,12.563018652751284,,,6.045569703797836,3.5578719468179005,0.0,0.0,0.0,0.0,,781.25,820.3125,39.0625,2.8384615384615386
70,373.0,800.6032171581769,735.0,857.5,75.01783725682888,69.97084548104957,81.63265306122449,2.3718326960579437,6.955645161290323,0.0,25.0,25.178890935898174,,,8.581323493682417,5.0325137318591775,0.0,0.0,4.0,1.0752688172043012,,734.375,843.75,109.375,6.907407407407407
71,384.0,776.30859375,627.5,872.5,77.4022657879038,68.76790830945559,95.61752988047809,2.9917512104771,8.342036553524805,0.0,245.0,29.579237374499435,,,19.25166569037043,17.373114663729105,6.0,1.5665796344647518,8.0,2.088772845953003,,726.5625,843.75,117.1875,7.836734693877551
72,394.0,756.4149746192893,720.0,807.5,79.36762588877575,74.30340557275542,83.33333333333333,1.9045821359717383,4.885496183206107,0.0,20.0,18.35679056706314,,,6.380632272226964,4.109424002615964,0.0,0.0,0.0,0.0,,710.9375,781.25,70.3125,4.5813953488372094
73,368.0,810.4211956521739,715.0,860.0,74.09165456603108,69.76744186046511,83.91608391608392,2.070012820106919,5.647138964577657,0.0,22.0,22.04449393857653,,,7.267045170087164,4.580057297918966,0.0,0.0,2.0,0.544959128065395,,773.4375,851.5625,78.125,5.411764705882353
74,361.0,829.314404432133,767.5,857.5,72.37551758110627,69.97084548104957,78.17589576547232,1.4081562417007538,4.368055555555555,0.0,15.0,15.718802002074609,,,5.510406821037203,3.363942274953148,0.0,0.0,0.0,0.0,,796.875,851.5625,54.6875,3.7216494845360826
75,368.0,809.5584239130435,720.0,980.0,74.2680880018726,61.224489795918366,83.33333333333333,3.4211997791265434,5.817438692098093,0.0,237.0,36.528869322317476,,,17.014979776207234,16.011417407926402,3.0,0.8174386920980926,6.0,1.6348773841961852,,742.1875,882.8125,140.625,9.435897435897436
76,361.0,827.7770083102494,740.0,892.5,72.55802901603882,67.22689075630252,81.08108108108108,2.37143972043606,5.034722222222222,0.0,32.0,26.192651597186515,,,6.648673635478818,4.348443185772901,0.0,0.0,2.0,0.5555555555555556,,796.875,851.5625,54.6875,4.149425287356322
77,356.0,836.8433988764045,747.5,910.0,71.72386114164067,65.93406593406593,80.2675585284281,1.3866570389351442,6.690140845070423,0.0,125.0,15.668042471667308,,,12.844889924911719,10.980567130156832,6.0,1.6901408450704223,6.0,1.6901408450704223,,812.5,859.375,46.875,3.2962962962962963
78,361.0,831.1842105263158,797.5,852.5,72.19733416012186,70.38123167155425,75.23510971786834,0.9030674502589648,5.097222222222222,0.0,25.0,10.310921596378604,6.045601517978164,1.7284832429004584,6.572908412567453,4.15564931530763,0.0,0.0,3.0,0.8333333333333334,,804.6875,851.5625,46.875,3.0854700854700856
79,358.0,833.0307262569833,797.5,855.0,72.04160835971285,70.17543859649123,75.23510971786834,1.0607954053128352,5.455182072829132,0.0,22.0,12.171356144466529,,,6.861219318183386,4.167248881363852,0.0,0.0,1.0,0.2801120448179272,,796.875,851.5625,54.6875,3.5445544554455446
80,366.0,815.5464480874317,505.0,875.0,73.70930315013184,68.57142857142857,118.81188118811882,3.814465528541867,7.472602739726027,0.0,285.0,30.506712056530073,,,17.26753625214605,15.588256888520922,1.0,0.273972602739726,8.0,2.191780821917808,,773.4375,851.5625,78.125,5.545454545454546
81,362.0,823.7154696132596,775.0,857.5,72.85999526758808,69.97084548104957,77.41935483870968,1.1990603494724972,5.38781163434903,0.0,27.0,13.306028601625414,,,6.9550396244223744,4.404292846250228,0.0,0.0,2.0,0.554016620498615,,804.6875,843.75,39.0625,3.1206896551724137
82,363.0,825.4889807162534,645.0,907.5,72.72616859195527,66.11570247933884,93.02325581395348,1.82389537958667,7.755524861878453,0.0,202.0,19.17187136720413,,,17.345908014914595,15.537026987763577,4.0,1.1049723756906076,9.0,2.4861878453038675,,796.875,851.5625,54.6875,4.373493975903615
83,365.0,817.3835616438356,775.0,855.0,73.43875968987864,70.17543859649123,77.41935483870968,1.5839887963896846,5.164835164835165,0.0,20.0,17.49912096456821,,,6.585761364280728,4.09178774742773,0.0,0.0,0.0,0.0,,765.625,843.75,78.125,5.615384615384615
84,352.0,849.7088068181819,810.0,887.5,70.63055201009455,67.6056338028169,74.07407407407408,1.1355614342166882,7.678062678062678,0.0,27.0,13.60528248118259,,,9.395170608841054,5.422208586023407,0.0,0.0,5.0,1.4245014245014245,,812.5,875.0,62.5,4.2926829268292686
85,358.0,834.7974860335196,750.0,892.5,71.93336887444052,67.22689075630252,80.0,2.1204177519872505,9.908963585434174,0.0,32.0,23.576656530519074,,,11.810092773408963,6.434805139338294,0.0,0.0,16.0,4.481792717086835,,789.0625,867.1875,78.125,5.682539682539683
86,366.0,819.313524590164,755.0,852.5,73.28285837913103,70.38123167155425,79.47019867549669,1.956284475612269,5.178082191780822,0.0,17.0,21.34929608433622,,,6.436265508711564,3.8279399236612925,0.0,0.0,0.0,0.0,,781.25,851.5625,70.3125,4.753246753246753
87,359.0,828.0884401114206,782.5,865.0,72.48005206643893,69.36416184971098,76.6773162939297,1.329108317618236,5.831005586592179,0.0,25.0,15.013951684538258,,,7.39952484130535,4.561849573909984,0.0,0.0,3.0,0.8379888268156425,,789.0625,859.375,70.3125,4.723684210526316
88,359.0,833.3217270194986,767.5,907.5,72.02828542926478,66.11570247933884,78.17589576547232,1.411563108615168,5.649441340782123,0.0,67.0,16.16582975778465,,,7.838051790204106,5.440731045445491,1.0,0.27932960893854747,2.0,0.5586592178770949,,804.6875,859.375,54.6875,4.033707865168539
89,362.0,824.2748618784531,767.5,855.0,72.8147181824494,70.17543859649123,78.17589576547232,1.318836689933235,6.142659279778393,0.0,22.0,14.71247056571651,,,7.598613009463636,4.479088153448761,0.0,0.0,1.0,0.2770083102493075,,796.875,851.5625,54.6875,4.160919540229885
90,375.0,796.2366666666667,730.0,885.0,75.38848102640847,67.79661016949153,82.1917808219178,1.6110753412544025,6.176470588235294,0.0,97.0,16.867882348321476,,,9.170641052204468,6.787861499664838,1.0,0.267379679144385,5.0,1.3368983957219251,,765.625,835.9375,70.3125,5.0
91,385.0,773.1331168831168,692.5,822.5,77.7303911288979,72.94832826747721,86.64259927797833,3.1513763655676623,6.009114583333333,0.0,20.0,30.54621343456985,,,7.4504657642436465,4.410287374211437,0.0,0.0,0.0,0.0,,718.75,820.3125,101.5625,6.015625
92,396.0,752.0044191919192,685.0,1077.5,79.95384864135454,55.68445475638051,87.5912408759124,3.525340237872919,10.208860759493671,0.0,392.0,36.21649777979588,,,27.387933335778794,25.44636199538865,2.0,0.5063291139240507,14.0,3.5443037974683547,,671.875,812.5,140.625,8.25
93,368.0,811.4470108695652,740.0,857.5,73.98413705312544,69.97084548104957,81.08108108108108,1.7841864409532848,5.899182561307902,0.0,25.0,19.242162261020603,,,7.5599331052502245,4.734269250992939,0.0,0.0,2.0,0.544959128065395,,781.25,835.9375,54.6875,3.7938144329896906
94,380.0,786.9473684210526,705.0,865.0,76.46215372743056,69.36416184971098,85.1063829787234,4.0832641744646505,8.179419525065963,0.0,32.0,42.199627584309425,,,10.076226625474218,5.892287011254968,0.0,0.0,9.0,2.3746701846965697,,703.125,859.375,156.25,9.5
95,351.0,850.534188034188,780.0,882.5,70.58375109807835,67.98866855524079,76.92307692307692,1.6995910895907704,6.235714285714286,0.0,25.0,20.009361362235982,,,7.804531650631849,4.699967558087318,0.0,0.0,1.0,0.2857142857142857,,804.6875,875.0,70.3125,4.743243243243243
96,344.0,866.8023255813954,812.5,895.0,69.23460160118395,67.0391061452514,73.84615384615384,1.019995822576963,6.100583090379009,0.0,27.0,12.505982025120543,,,7.61811750275055,4.569406235302569,0.0,0.0,2.0,0.5830903790087464,,843.75,890.625,46.875,3.1559633027522938
97,349.0,857.6074498567335,785.0,902.5,70.02269610859366,66.4819944598338,76.43312101910828,2.090426046073685,7.1048850574712645,0.0,25.0,24.95500811405067,,,8.800143676988018,5.200080828290644,0.0,0.0,3.0,0.8620689655172413,,820.3125,890.625,70.3125,4.847222222222222
98,367.0,815.1805177111717,747.5,862.5,73.68474519248252,69.56521739130434,80.2675585284281,2.464599075431733,6.10655737704918,0.0,30.0,27.017299125812837,,,7.833271567016105,4.912844992883056,0.0,0.0,4.0,1.092896174863388,,734.375,859.375,125.0,8.155555555555555
99,382.0,779.3684554973822,735.0,812.5,77.0142739375448,73.84615384615384,81.63265306122449,1.5011311834533987,5.164041994750656,0.0,20.0,15.029769989206772,,,6.601034377704985,4.117136803822493,0.0,0.0,0.0,0.0,,734.375,804.6875,70.3125,4.775
100,387.0,772.5258397932816,707.5,820.0,77.74148028066112,73.17073170731707,84.80565371024736,2.422749263533596,7.1049222797927465,0.0,22.0,23.729080866351147,,,8.865539911785472,5.309511349753823,0.0,0.0,8.0,2.072538860103627,,710.9375,812.5,101.5625,7.4423076923076925
101,380.0,787.8980263157895,730.0,845.0,76.22904688066487,71.00591715976331,82.1917808219178,2.4168347956018974,7.354881266490765,0.0,27.0,25.203044735090586,,,9.390726328940076,5.846507640909443,0.0,0.0,13.0,3.430079155672823,,734.375,843.75,109.375,7.450980392156863
102,376.0,793.2114361702128,660.0,845.0,75.70158343824883,71.00591715976331,90.9090909090909,2.14859971921957,9.606666666666667,0.0,165.0,22.151204080107735,,,14.762000767736962,11.223391984121088,3.0,0.8,19.0,5.066666666666666,,742.1875,835.9375,93.75,6.266666666666667
103,367.0,815.4189373297003,525.0,932.5,73.72087198621875,64.343163538874,114.28571428571429,3.613445472044481,10.833333333333334,0.0,285.0,32.011772387804925,,,23.708890939114834,21.11797558228686,6.0,1.639344262295082,18.0,4.918032786885246,,781.25,859.375,78.125,5.6461538461538465
104,360.0,829.9166666666666,782.5,860.0,72.32038708881466,69.76744186046511,76.6773162939297,1.3228942571349014,5.766016713091922,0.0,25.0,15.084032902104372,,,7.348358668169588,4.561731169037182,0.0,0.0,3.0,0.8356545961002786,,781.25,859.375,78.125,5.217391304347826
105,367.0,813.0517711171663,742.5,860.0,73.86240318789403,69.76744186046511,80.8080808080808,2.2346057141130533,7.288251366120218,0.0,30.0,24.225801830147745,,,9.111623738855219,5.475856592995558,0.0,0.0,7.0,1.912568306010929,,742.1875,851.5625,109.375,7.0576923076923075
106,381.0,783.0774278215223,720.0,820.0,76.6572672058436,73.17073170731707,83.33333333333333,1.6888908970923302,9.171052631578947,0.0,32.0,16.973751066487097,,,11.33653366836773,6.672777744630544,0.0,0.0,16.0,4.2105263157894735,,750.0,812.5,62.5,4.7625
107,361.0,825.8898891966759,735.0,870.0,72.70389121747094,68.96551724137932,81.63265306122449,2.032282669731677,6.840277777777778,0.0,45.0,22.42933915938179,,,9.128947015461922,6.053930897343576,0.0,0.0,8.0,2.2222222222222223,,789.0625,867.1875,78.125,6.11864406779661
108,346.0,861.3656069364162,817.5,890.0,69.66743861478037,67.41573033707866,73.39449541284404,0.8675667007101651,5.572463768115942,0.0,20.0,10.563610044241141,,,6.935259626499683,4.134612972873844,0.0,0.0,0.0,0.0,,835.9375,882.8125,46.875,3.392156862745098
109,362.0,824.5027624309392,650.0,920.0,72.94291392766105,65.21739130434783,92.3076923076923,3.6058218354645377,9.279778393351801,0.0,270.0,39.531493755998184,,,23.06603716803385,21.146311070614622,8.0,2.21606648199446,15.0,4.1551246537396125,,851.5625,882.8125,31.25,6.350877192982456
110,365.0,816.5342465753424,772.5,857.5,73.50817309160209,69.97084548104957,77.66990291262135,1.4093010386941598,7.445054945054945,0.0,25.0,15.616086197439063,,,9.213582901895977,5.43529458904483,0.0,0.0,7.0,1.9230769230769231,,781.25,843.75,62.5,3.967391304347826
111,368.0,811.039402173913,750.0,857.5,74.03568852182853,69.97084548104957,80.0,2.058821361171426,8.188010899182562,0.0,32.0,22.34978184268187,,,10.28046744555823,6.224955778796208,0.0,0.0,12.0,3.2697547683923704,,765.625,851.5625,85.9375,5.111111111111111
112,367.0,811.9073569482289,410.0,907.5,74.50684236903112,66.11570247933884,146.34146341463415,8.465774484978164,13.387978142076502,0.0,375.0,60.24369922354759,,,29.464642027036756,26.2833529586734,5.0,1.366120218579235,49.0,13.387978142076504,,718.75,890.625,171.875,10.794117647058824
113,373.0,800.3954423592493,615.0,880.0,75.23802590423216,68.18181818181819,97.5609756097561,4.631418774987097,8.111559139784946,0.0,160.0,47.85197700160773,,,14.654712029835979,12.221485631445127,2.0,0.5376344086021506,13.0,3.494623655913978,,726.5625,875.0,148.4375,10.08108108108108
114,377.0,789.3269230769231,682.5,867.5,76.13621431688657,69.164265129683,87.91208791208791,3.0607409855392578,9.800531914893616,0.0,180.0,31.619597664198935,,,16.04587052971047,12.722027642453844,3.0,0.7978723404255319,25.0,6.648936170212766,,718.75,851.5625,132.8125,8.377777777777778
115,376.0,793.7466755319149,695.0,865.0,75.89070551686564,69.36416184971098,86.33093525179856,4.837225120510297,6.7,0.0,35.0,49.36781582082034,,,8.443192524158146,5.144713942563001,0.0,0.0,5.0,1.3333333333333335,,781.25,859.375,78.125,8.173913043478262
116,364.0,820.3846153846154,415.0,882.5,73.6159638622412,67.98866855524079,144.57831325301206,7.085629737111656,9.152892561983471,0.0,335.0,57.64342882435536,,,21.03216413911454,18.962252738079137,1.0,0.27548209366391185,19.0,5.234159779614325,,820.3125,875.0,54.6875,6.5
117,347.0,863.0331412103747,772.5,900.0,69.55125199381405,66.66666666666667,77.66990291262135,1.4580182200622744,6.271676300578035,0.0,127.0,17.236988799638,,,10.469471170483988,8.395212995501812,2.0,0.5780346820809248,2.0,0.5780346820809248,,835.9375,882.8125,46.875,3.6914893617021276
118,349.0,852.3030085959886,757.5,890.0,70.4511949916028,67.41573033707866,79.20792079207921,2.0051886380315063,8.182471264367816,0.0,27.0,22.91484113466505,,,9.838905371434668,5.47149426526695,0.0,0.0,8.0,2.2988505747126435,,820.3125,882.8125,62.5,4.532467532467533
119,359.0,829.2444289693593,785.0,892.5,72.38700364949615,67.22689075630252,76.43312101910828,1.5126419607008321,6.850558659217877,0.0,27.0,17.591581603661012,,,8.589662245166194,5.189157892279174,0.0,0.0,6.0,1.675977653631285,,804.6875,859.375,54.6875,3.860215053763441
120,362.0,821.7058011049724,802.5,855.0,73.02912525156991,70.17543859649123,74.76635514018692,0.866185552442469,6.038781163434903,0.0,20.0,9.790452387081542,,,7.556344218611174,4.548490916932997,0.0,0.0,0.0,0.0,,796.875,843.75,46.875,2.8503937007874014
121,370.0,804.597972972973,725.0,842.5,74.61273058579881,71.21661721068249,82.75862068965517,1.8030789955200648,6.7682926829268295,0.0,32.0,18.510464866276678,,,8.442626792324267,5.0534511250035425,0.0,0.0,2.0,0.5420054200542005,,773.4375,828.125,54.6875,3.7755102040816326
122,373.0,796.2567024128687,732.5,830.0,75.38180439209151,72.28915662650603,81.91126279863481,1.4983793512769608,6.606182795698925,0.0,25.0,15.578086733424843,,,8.16625177243224,4.807092210936582,0.0,0.0,2.0,0.5376344086021506,,757.8125,828.125,70.3125,5.04054054054054
123,384.0,782.6888020833334,602.5,1927.5,78.17666189203794,31.1284046692607,99.5850622406639,8.511942323869926,15.169712793733684,0.0,220.0,147.45403435482095,67.74913563194627,811.6173480690998,38.98940117380085,35.96429229543122,25.0,6.527415143603134,27.0,7.049608355091384,,750.0,812.5,62.5,7.529411764705882
124,377.0,791.4655172413793,745.0,830.0,75.85146131713033,72.28915662650603,80.53691275167785,1.808710973220279,5.013297872340425,0.0,27.0,18.75241486038829,,,6.644466582820081,4.366519135616164,0.0,0.0,3.0,0.7978723404255319,,734.375,828.125,93.75,6.614035087719298
125,368.0,808.1555706521739,770.0,860.0,74.2673243706566,69.76744186046511,77.92207792207792,1.3415099665535342,6.512261580381471,0.0,27.0,14.620055928005753,,,8.381276709033525,5.283209602649088,0.0,0.0,8.0,2.17983651226158,,773.4375,835.9375,62.5,4.329411764705882
126,366.0,808.4631147540983,702.5,862.5,74.31072595718975,69.56521739130434,85.40925266903915,2.747724842827474,6.602739726027397,0.0,32.0,28.323842519712404,,,8.389933357015407,5.183475857034509,0.0,0.0,2.0,0.547945205479452,,765.625,851.5625,85.9375,5.809523809523809
127,352.0,845.7457386363636,762.5,887.5,70.99060369838672,67.6056338028169,78.68852459016394,1.874759960651346,5.427350427350428,0.0,22.0,21.42355345776478,,,6.791040687422924,4.087750843643355,0.0,0.0,1.0,0.2849002849002849,,812.5,882.8125,70.3125,5.966101694915254
128,351.0,851.19301994302,755.0,897.5,70.5812041815651,66.85236768802228,79.47019867549669,2.6174096606367754,6.071428571428571,0.0,27.0,30.005488386001293,,,7.812821421959455,4.924145755396033,0.0,0.0,2.0,0.5714285714285714,,820.3125,890.625,70.3125,6.5
129,341.0,875.9457478005866,762.5,922.5,68.56500123994014,65.04065040650407,78.68852459016394,2.2238124124119465,5.477941176470588,0.0,27.0,26.75261099595541,,,6.959705453537527,4.299305205177582,0.0,0.0,1.0,0.29411764705882354,,835.9375,921.875,85.9375,5.779661016949152
130,345.0,861.25,770.0,917.5,69.76070407525658,65.39509536784742,77.92207792207792,2.623375940655331,5.770348837209302,0.0,25.0,31.16002308274886,,,7.30742345153201,4.4900018694404595,0.0,0.0,2.0,0.5813953488372093,,820.3125,914.0625,93.75,7.340425531914893
131,335.0,889.9104477611941,850.0,915.0,67.44148177158009,65.57377049180327,70.58823529411765,1.1389651366797882,5.755988023952096,0.0,25.0,14.866905882444826,,,7.30407768977053,4.50320640652814,0.0,0.0,1.0,0.29940119760479045,,851.5625,914.0625,62.5,4.71830985915493
132,336.0,877.202380952381,742.5,915.0,68.49626734721964,65.57377049180327,80.8080808080808,2.708608875376223,5.335820895522388,0.0,27.0,31.563342590337385,,,7.062927880755701,4.634444873896206,0.0,0.0,4.0,1.1940298507462688,,843.75,914.0625,70.3125,5.014925373134329
133,337.0,884.2359050445103,760.0,930.0,67.93810397558568,64.51612903225806,78.94736842105263,2.4632082885541577,6.138392857142857,0.0,22.0,29.90669993560934,,,7.718783135652801,4.686695915398343,0.0,0.0,1.0,0.2976190476190476,,843.75,929.6875,85.9375,5.810344827586207
134,331.0,902.0317220543807,855.0,937.5,66.53756211061615,64.0,70.17543859649123,1.191507251466257,6.21969696969697,0.0,27.0,15.991467129845727,,,7.820185613545438,4.747522780595205,0.0,0.0,3.0,0.9090909090909091,,859.375,929.6875,70.3125,5.015151515151516
135,343.0,866.2354227405248,740.0,935.0,69.4419035081224,64.1711229946524,81.08108108108108,3.6091189860269677,5.752923976608187,0.0,25.0,42.5966636657077,,,7.456317722348491,4.750423526734543,0.0,0.0,4.0,1.1695906432748537,,835.9375,929.6875,93.75,7.976744186046512
136,355.0,839.6478873239437,615.0,882.5,71.56868083533875,67.98866855524079,97.5609756097561,2.960978600425144,7.824858757062147,0.0,255.0,31.508632189617327,,,18.590580912971294,16.887477514911225,3.0,0.847457627118644,6.0,1.694915254237288,,789.0625,875.0,85.9375,6.339285714285714
137,359.0,826.7618384401114,732.5,877.5,72.63539156048991,68.37606837606837,81.91126279863481,2.19773095632625,7.325418994413408,0.0,32.0,23.840683222151274,,,9.18178455409216,5.543396072808649,0.0,0.0,6.0,1.675977653631285,,789.0625,859.375,70.3125,4.723684210526316
138,365.0,818.3561643835617,775.0,880.0,73.36133105228011,68.18181818181819,77.41935483870968,1.7782473226956965,7.342032967032967,0.0,30.0,20.14209131124388,,,9.380721697206434,5.846914586406095,0.0,0.0,12.0,3.296703296703297,,781.25,843.75,62.5,4.1477272727272725
139,374.0,792.413101604278,730.0,835.0,75.77200813812944,71.8562874251497,82.1917808219178,2.051064537170922,6.1997319034852545,0.0,20.0,20.900993043236063,,,7.6662756826129765,4.515503452917226,0.0,0.0,0.0,0.0,,757.8125,828.125,70.3125,5.5
140,393.0,752.9898218829517,655.0,802.5,79.81701591742944,74.76635514018692,91.6030534351145,3.358246343667626,5.019132653061225,0.0,17.0,30.31573159872861,,,6.44096028459694,4.041775617340223,0.0,0.0,0.0,0.0,,703.125,796.875,93.75,7.1454545454545455
141,391.0,763.1841432225063,692.5,800.0,78.67101846989674,75.0,86.64259927797833,2.079428969066197,4.288461538461538,0.0,20.0,19.53176826517814,,,5.533310163683341,3.501149796542757,0.0,0.0,0.0,0.0,,726.5625,796.875,70.3125,4.2967032967032965
142,375.0,787.27,547.5,820.0,76.3178848175524,73.17073170731707,109.58904109589041,3.09736316117046,4.625668449197861,0.0,160.0,27.064277850085766,,,10.799364851429733,9.771631362747058,4.0,1.06951871657754,4.0,1.06951871657754,,742.1875,812.5,70.3125,4.573170731707317
143,374.0,797.6236631016043,740.0,837.5,75.26045474847676,71.64179104477611,81.08108108108108,1.6904770549440824,4.436997319034853,0.0,17.0,17.51710083210393,,,5.73065674423848,3.6316443014742057,0.0,0.0,0.0,0.0,,765.625,828.125,62.5,4.25
144,360.0,821.59375,610.0,865.0,73.08954660203827,69.36416184971098,98.36065573770492,2.254410809789664,4.895543175487465,0.0,147.0,22.371603922878947,,,11.06706732195278,9.939256203565431,3.0,0.8356545961002786,4.0,1.1142061281337048,,796.875,851.5625,54.6875,3.673469387755102
145,357.0,835.406162464986,780.0,867.5,71.8504290295437,69.164265129683,76.92307692307692,1.465200504044079,5.007022471910112,0.0,25.0,16.633111896321548,,,6.5140837050850005,4.1727595637609385,0.0,0.0,1.0,0.2808988764044944,,804.6875,867.1875,62.5,4.353658536585366
146,351.0,848.3262108262109,797.5,880.0,70.74755727819324,68.18181818181819,75.23510971786834,1.1992709115563045,5.128571428571429,0.0,17.0,14.227528533535548,,,6.606274074155351,4.170167720000589,0.0,0.0,0.0,0.0,,812.5,875.0,62.5,4.333333333333333
147,342.0,868.4612573099415,825.0,892.5,69.10351520634913,67.22689075630252,72.72727272727273,1.0543934477509942,5.447214076246334,0.0,22.0,13.058500271966619,,,6.854224140123363,4.166431804374957,0.0,0.0,1.0,0.2932551319648094,,843.75,882.8125,39.0625,3.2264150943396226
148,339.0,869.6902654867257,772.5,897.5,69.03426686738808,66.85236768802228,77.66990291262135,1.8081659028809831,5.613905325443787,0.0,22.0,21.3362097680583,,,7.193567351641573,4.504610116271493,0.0,0.0,2.0,0.591715976331361,,851.5625,890.625,39.0625,3.0
149,335.0,884.2611940298508,847.5,927.5,67.86765974117328,64.6900269541779,70.79646017699115,0.9920845923160018,5.269461077844311,0.0,20.0,12.880978121727377,,,6.571805136679801,3.932901374583939,0.0,0.0,0.0,0.0,,859.375,914.0625,54.6875,3.5638297872340425
150,334.0,889.9550898203593,705.0,922.5,67.44403691232556,65.04065040650407,85.1063829787234,1.39437575806362,6.741741741741742,0.0,195.0,16.024739352427215,,,14.205696104091547,12.522845363308722,4.0,1.2012012012012012,6.0,1.8018018018018018,,867.1875,914.0625,46.875,3.443298969072165
151,345.0,861.9347826086956,675.0,912.5,69.73421567999192,65.75342465753425,88.88888888888889,3.062408299995536,7.449127906976744,0.0,180.0,34.91601614525217,,,15.108437981995822,13.163552333029577,4.0,1.1627906976744187,9.0,2.616279069767442,,828.125,906.25,78.125,6.052631578947368
152,330.0,903.280303030303,870.0,935.0,66.43456373795073,64.1711229946524,68.96551724137932,0.8192170464974282,5.27355623100304,0.0,20.0,11.061491840235735,,,6.641606902643375,4.043543460518611,0.0,0.0,0.0,0.0,,867.1875,921.875,54.6875,3.267326732673267
153,327.0,910.7033639143731,887.5,940.0,65.89003511443397,63.829787234042556,67.6056338028169,0.6737283548288981,6.042944785276074,0.0,30.0,9.345753160997845,,,7.726885181056271,4.822750180297269,0.0,0.0,1.0,0.3067484662576687,,882.8125,929.6875,46.875,3.2058823529411766
154,342.0,867.609649122807,765.0,940.0,69.33860943071268,63.829787234042556,78.43137254901961,3.6209217891199756,6.803519061583578,0.0,25.0,44.03839635858087,,,8.608778681162136,5.282521339041586,0.0,0.0,3.0,0.8797653958944283,,851.5625,929.6875,78.125,7.434782608695652
155,341.0,875.3445747800587,767.5,1027.5,68.62869553512976,58.394160583941606,78.17589576547232,2.4412490547312022,7.411764705882353,0.0,260.0,30.39065829856751,,,19.369346107379332,17.921550307145118,3.0,0.8823529411764706,3.0,0.8823529411764706,,835.9375,906.25,70.3125,4.671232876712328
156,366.0,807.3053278688525,457.5,967.5,75.07166538178677,62.01550387596899,131.14754098360655,7.838681552104294,8.691780821917808,0.0,312.0,79.48792762964086,,,21.90083950530623,20.12982566340586,4.0,1.095890410958904,23.0,6.301369863013699,,718.75,804.6875,85.9375,8.511627906976743
157,375.0,798.5533333333333,587.5,835.0,75.22553912723282,71.8562874251497,102.12765957446808,2.7947067985103877,8.435828877005347,0.0,197.0,25.89053253002064,,,17.80905480802056,15.70537295512738,4.0,1.06951871657754,9.0,2.406417112299465,,757.8125,828.125,70.3125,4.62962962962963
158,377.0,794.5789124668435,727.5,845.0,75.57503132138763,71.00591715976331,82.47422680412372,2.2015377859929193,7.506648936170213,0.0,30.0,22.9345710759853,,,9.426865985308401,5.70988033600851,0.0,0.0,6.0,1.5957446808510638,,718.75,835.9375,117.1875,7.392156862745098
159,383.0,776.3348563968668,722.5,827.5,77.38529193249377,72.50755287009063,83.04498269896193,2.775886394720036,6.361256544502618,0.0,35.0,27.791436372502652,,,8.3744676317473,5.453804830653786,0.0,0.0,3.0,0.7853403141361256,,687.5,820.3125,132.8125,8.148936170212766
160,384.0,781.8684895833334,475.0,830.0,77.07068017661973,72.28915662650603,126.3157894736842,6.104725044152701,8.093994778067884,0.0,295.0,43.356543931200804,28.75714161430878,33.20909458640473,19.387726034806047,17.640398501887162,4.0,1.0443864229765014,10.0,2.610966057441253,,734.375,828.125,93.75,6.0
161,399.0,747.2556390977444,665.0,835.0,80.58107760574612,71.8562874251497,90.22556390977444,4.793075360073771,6.99748743718593,0.0,27.0,44.9488800876702,,,8.837946395085911,5.4053563991756155,0.0,0.0,5.0,1.256281407035176,,656.25,828.125,171.875,9.731707317073171
162,362.0,826.9682320441989,767.5,857.5,72.58341085497995,69.97084548104957,78.17589576547232,1.469273236672768,5.221606648199446,0.0,20.0,16.506274276604117,,,6.532732414371794,3.931186373144896,0.0,0.0,0.0,0.0,,781.25,851.5625,70.3125,5.323529411764706
163,370.0,808.9662162162163,595.0,867.5,74.28786311419466,69.164265129683,100.84033613445378,3.1172906918067045,7.06639566395664,0.0,192.0,31.245523373783218,,,14.768424715035982,12.985738760588173,2.0,0.5420054200542005,6.0,1.6260162601626018,,765.625,867.1875,101.5625,7.254901960784314
164,382.0,779.0739528795812,707.5,810.0,77.05698896082596,74.07407407407408,84.80565371024736,1.8449836672220286,5.702099737532809,0.0,20.0,17.998311989321817,,,7.144345083117603,4.310044364227031,0.0,0.0,0.0,0.0,,734.375,804.6875,70.3125,4.4941176470588236
165,377.0,793.4648541114059,750.0,815.0,75.63541202000488,73.61963190184049,80.0,1.167513339595996,4.747340425531915,0.0,22.0,12.061263503704227,,,6.200937750805252,3.9945996346486026,0.0,0.0,1.0,0.26595744680851063,,773.4375,812.5,39.0625,3.696078431372549
166,391.0,765.6649616368286,532.5,815.0,78.5310302682664,73.61963190184049,112.67605633802818,3.989784187117057,6.743589743589744,0.0,212.0,32.69074908032848,,,15.451364280207043,13.919967316044872,2.0,0.5128205128205128,2.0,0.5128205128205128,,726.5625,812.5,85.9375,5.430555555555555
167,387.0,772.0058139534884,537.5,797.5,77.77941421361682,75.23510971786834,111.62790697674419,2.417343742147681,5.667098445595855,0.0,260.0,19.36747844433348,,,16.07871062097831,15.066419799842581,5.0,1.2953367875647668,6.0,1.5544041450777202,,742.1875,796.875,54.6875,3.650943396226415
168,388.0,771.3724226804123,740.0,800.0,77.79859787732873,75.0,81.08108108108108,1.0878330996937946,3.701550387596899,0.0,15.0,10.778835483198137,,,4.677934900722809,2.8640522895946283,0.0,0.0,0.0,0.0,,742.1875,796.875,54.6875,3.288135593220339
169,382.0,785.5988219895288,730.0,805.0,76.40157976802239,74.53416149068323,82.1917808219178,1.45006878717434,4.173228346456693,0.0,15.0,14.518564648257339,8.143294964867195,9.326014633759552,5.354223155538074,3.358791591310933,0.0,0.0,0.0,0.0,,757.8125,804.6875,46.875,3.537037037037037
170,359.0,846.6190807799443,785.0,3427.5,72.53137579486012,17.505470459518598,76.43312101910828,6.686862204989114,17.814245810055866,0.0,1950.0,224.10192769782276,113.88669924730712,5.105051288185119,118.57034827767444,117.38855122208344,13.0,3.6312849162011176,13.0,3.6312849162011176,,789.0625,835.9375,46.875,3.324074074074074
171,353.0,841.9865439093485,827.5,865.0,71.26415833983903,69.36416184971098,72.50755287009063,0.5410245345775612,3.856534090909091,0.0,12.0,6.418170413677404,,,4.874581130023565,2.985633917708665,0.0,0.0,0.0,0.0,,820.3125,859.375,39.0625,2.1925465838509317
172,345.0,861.286231884058,695.0,922.5,69.71052398278492,65.04065040650407,86.33093525179856,1.8821192275239114,6.468023255813954,0.0,227.0,21.769284644393615,,,17.18003273306842,15.939157345901844,3.0,0.872093023255814,4.0,1.1627906976744187,,828.125,890.625,62.5,4.6
173,336.0,886.3392857142857,847.5,932.5,67.70707064258896,64.343163538874,70.79646017699115,0.9347037197924533,4.985074626865671,0.0,37.0,12.276031911341422,,,6.8730492483430705,4.738656601467311,0.0,0.0,3.0,0.8955223880597015,,859.375,898.4375,39.0625,2.9473684210526314
174,340.0,877.1102941176471,787.5,925.0,68.46622896537954,64.86486486486487,76.19047619047619,2.0694028719017252,5.877581120943953,0.0,20.0,25.435998343148427,,,7.30826702862258,4.3497839218996255,0.0,0.0,0.0,0.0,,843.75,914.0625,70.3125,5.074626865671642
175,346.0,860.9176300578034,782.5,915.0,69.74324048178384,65.57377049180327,76.6773162939297,1.9000727798876373,6.688405797101449,0.0,87.0,22.81557454686,,,9.620517024884212,6.925213795538719,1.0,0.2898550724637681,6.0,1.7391304347826086,,828.125,898.4375,70.3125,4.942857142857143
176,339.0,881.5486725663717,785.0,937.5,68.13999665028891,64.0,76.43312101910828,2.3641528840487345,7.004437869822485,0.0,25.0,29.19086075782971,,,8.826273647971478,5.378339716898861,0.0,0.0,4.0,1.183431952662722,,843.75,929.6875,85.9375,6.647058823529412
177,330.0,903.6439393939394,862.5,960.0,66.42437543476821,62.5,69.56521739130434,1.3318166017213449,7.408814589665654,0.0,30.0,18.068756967621717,,,9.40174755792013,5.796935806877181,0.0,0.0,6.0,1.82370820668693,,851.5625,945.3125,93.75,6.111111111111111
178,335.0,885.0858208955224,677.5,977.5,67.8924468135769,61.38107416879795,88.56088560885608,2.747964806409667,9.08682634730539,0.0,300.0,33.21281339020894,,,21.547303107525657,19.566863622200522,3.0,0.8982035928143712,13.0,3.8922155688622757,,859.375,937.5,78.125,6.203703703703703
179,325.0,915.7692307692307,872.5,977.5,65.54724919225559,61.38107416879795,68.76790830945559,1.3684524732618144,8.503086419753087,0.0,42.0,19.178353305682133,,,10.813728699900961,6.691220835165607,0.0,0.0,10.0,3.0864197530864197,,867.1875,960.9375,93.75,6.5
180,326.0,914.0567484662577,835.0,972.5,65.7193754897119,61.696658097686374,71.8562874251497,2.29877895383965,7.553846153846154,0.0,30.0,31.11226323411468,,,9.667550799532345,6.042623217331085,0.0,0.0,7.0,2.1538461538461537,,882.8125,968.75,85.9375,6.9361702127659575
181,339.0,886.6592920353983,780.0,990.0,67.88259634397686,60.60606060606061,76.92307692307692,3.8264405813809526,7.68491124260355,0.0,45.0,49.56073945827634,27.468499721439937,5.601415404221853,9.875800469391967,6.2119030105814,0.0,0.0,11.0,3.2544378698224854,,773.4375,984.375,210.9375,11.689655172413794
182,332.0,885.7003012048193,760.0,955.0,67.8595994222119,62.82722513089005,78.94736842105263,2.8991492140772697,6.903323262839879,0.0,30.0,35.80734962621149,,,9.072828307339515,5.896216817658678,0.0,0.0,10.0,3.0211480362537766,,843.75,945.3125,101.5625,7.0638297872340425
183,347.0,853.8544668587896,762.5,942.5,70.38045757994347,63.6604774535809,78.68852459016394,2.828324083461716,8.959537572254336,0.0,140.0,33.60616000237326,,,13.719422121671203,10.40490875319685,3.0,0.8670520231213872,12.0,3.4682080924855487,,773.4375,906.25,132.8125,7.886363636363637
184,354.0,844.3608757062146,800.0,897.5,71.09415301196144,66.85236768802228,75.0,1.5656584674807257,11.08356940509915,0.0,35.0,18.66030894619674,,,13.28235133327341,7.329907835087661,0.0,0.0,37.0,10.48158640226629,,789.0625,882.8125,93.75,6.2105263157894735
185,359.0,830.5779944289693,760.0,885.0,72.28491815182191,67.79661016949153,78.94736842105263,1.8387639678369458,7.95391061452514,0.0,27.0,20.884680450768098,,,9.997380941942946,6.065120356956555,0.0,0.0,12.0,3.35195530726257,,789.0625,859.375,70.3125,5.056338028169014
186,358.0,832.4650837988827,750.0,897.5,72.14675453338285,66.85236768802228,80.0,2.3043753794641004,6.946778711484594,0.0,30.0,25.99597051496743,,,8.760081560402924,5.344277136783937,0.0,0.0,4.0,1.1204481792717087,,796.875,890.625,93.75,6.62962962962963
187,368.0,811.0190217391304,770.0,857.5,74.00070540099873,69.97084548104957,77.92207792207792,1.2068730449341123,5.163487738419619,0.0,17.0,13.280701087808666,,,6.37177016541494,3.73843964400173,0.0,0.0,0.0,0.0,,781.25,835.9375,54.6875,3.7938144329896906
188,379.0,788.9511873350923,742.5,882.5,76.11060736968177,67.98866855524079,80.8080808080808,2.1298501859929595,6.018518518518518,0.0,35.0,22.41322756210107,,,7.730154655974937,4.857483594517735,0.0,0.0,3.0,0.7936507936507936,,734.375,820.3125,85.9375,4.9868421052631575
189,393.0,750.8428753180661,517.5,882.5,80.13392079709882,67.98866855524079,115.94202898550725,4.421081727762434,6.875,0.0,142.0,38.461708023891546,,,14.518929703249174,12.804371888985449,8.0,2.0408163265306123,8.0,2.0408163265306123,,687.5,820.3125,132.8125,9.13953488372093
190,411.0,727.147201946472,555.0,892.5,82.77783326452311,67.22689075630252,108.10810810810811,4.682638590301115,7.9817073170731705,0.0,252.0,41.18587260513794,,,21.531451517989787,20.02182541635407,9.0,2.195121951219512,12.0,2.9268292682926833,,664.0625,734.375,70.3125,6.629032258064516
191,366.0,808.7465846994536,585.0,860.0,74.31039896212819,69.76744186046511,102.56410256410257,3.1806130373641768,5.041095890410959,0.0,162.0,31.269206239553164,,,11.0449346848128,9.84089723608114,1.0,0.273972602739726,6.0,1.643835616438356,,750.0,859.375,109.375,6.535714285714286
192,360.0,830.3506944444445,750.0,875.0,72.3170270068729,68.57142857142857,80.0,2.07912917266188,4.9164345403899725,0.0,20.0,23.40760408888833,,,6.236754767333341,3.8427743761011097,0.0,0.0,0.0,0.0,,789.0625,867.1875,78.125,6.545454545454546
193,373.0,789.0415549597856,705.0,837.5,76.10965412132552,71.64179104477611,85.1063829787234,2.3099467090574275,5.900537634408602,0.0,22.0,23.328196138804532,,,7.406828681096325,4.483168049146798,0.0,0.0,1.0,0.2688172043010753,,734.375,835.9375,101.5625,6.660714285714286
194,387.0,770.6330749354005,747.5,795.0,77.86517757943074,75.47169811320755,80.2675585284281,0.7458793809840847,4.6049222797927465,0.0,20.0,7.3684308832273535,,,5.832562248567922,3.5842370079291372,0.0,0.0,0.0,0.0,,750.0,789.0625,39.0625,2.4037267080745344
195,386.0,771.1269430051814,740.0,795.0,77.82116730672779,75.47169811320755,81.08108108108108,1.0069337815292356,5.441558441558442,0.0,20.0,9.957347974358306,,,6.806700289506571,4.0944051845091085,0.0,0.0,0.0,0.0,,742.1875,789.0625,46.875,3.641509433962264
196,385.0,772.1785714285714,680.0,810.0,77.78049184293303,74.07407407407408,88.23529411764706,2.5538763875815884,5.72265625,0.0,20.0,23.75428645333288,,,7.250909156357567,4.458548684537272,0.0,0.0,0.0,0.0,,750.0,804.6875,54.6875,3.9690721649484537
197,382.0,780.4777486910995,650.0,837.5,76.95292535504419,71.64179104477611,92.3076923076923,2.4946447387036037,7.631233595800525,0.0,187.0,24.178616062718138,,,14.600992307988959,12.46439015336448,3.0,0.7874015748031495,5.0,1.3123359580052494,,726.5625,812.5,85.9375,5.876923076923077
198,375.0,795.2966666666666,667.5,847.5,75.50083391022389,70.79646017699115,89.88764044943821,2.1370599304215476,5.387700534759358,0.0,95.0,21.414156106968548,,,8.381018868414941,6.428425464109672,1.0,0.267379679144385,5.0,1.3368983957219251,,765.625,820.3125,54.6875,3.9893617021276597
199,369.0,810.2981029810298,735.0,870.0,74.11170237256535,68.96551724137932,81.63265306122449,2.230452486026953,6.080163043478261,0.0,20.0,23.659995857992783,,,7.5709954976929525,4.517415645591377,0.0,0.0,0.0,0.0,,781.25,843.75,62.5,4.5
200,342.0,870.2777777777778,825.0,917.5,68.97208206098826,65.39509536784742,72.72727272727273,1.4132513527032415,5.425219941348973,0.0,22.0,17.65576767774906,,,6.7582902278253085,4.035993612083354,0.0,0.0,1.0,0.2932551319648094,,843.75,898.4375,54.6875,3.758241758241758
201,337.0,885.4525222551929,775.0,957.5,67.86043567750359,62.66318537859008,77.41935483870968,2.6709685674252834,6.979166666666667,0.0,35.0,32.79398810485964,,,8.707379191292429,5.2144615688234115,0.0,0.0,4.0,1.1904761904761905,,859.375,921.875,62.5,5.184615384615385
202,330.0,902.7651515151515,845.0,960.0,66.48534448729636,62.5,71.00591715976331,1.2406676790030526,6.193009118541034,0.0,52.0,16.704844249664372,,,8.68106803620615,6.092651992002194,1.0,0.303951367781155,6.0,1.82370820668693,,867.1875,937.5,70.3125,4.647887323943662
203,340.0,875.8602941176471,752.5,945.0,68.68712084621197,63.492063492063494,79.734219269103,3.6933104431394734,6.902654867256637,0.0,22.0,43.595395557823515,,,8.819867846509483,5.498418531091975,0.0,0.0,4.0,1.1799410029498525,,835.9375,929.6875,93.75,7.391304347826087
204,338.0,882.707100591716,760.0,955.0,68.09505686314507,62.82722513089005,78.94736842105263,2.981606558666298,7.099406528189911,0.0,27.0,36.39027664498384,,,8.883310461071058,5.347568395259763,0.0,0.0,6.0,1.7804154302670623,,843.75,929.6875,85.9375,6.8979591836734695
205,330.0,903.0227272727273,797.5,960.0,66.50845638143042,62.5,75.23510971786834,2.1149501323887465,6.907294832826747,0.0,27.0,27.85607165595475,,,8.724724675810293,5.3382314408291975,0.0,0.0,5.0,1.5197568389057752,,835.9375,953.125,117.1875,8.048780487804878
206,327.0,909.1169724770642,822.5,972.5,66.07022174858577,61.696658097686374,72.94832826747721,2.2181936080091824,7.262269938650307,0.0,25.0,29.674253705593046,,,9.031142862951674,5.376770097156671,0.0,0.0,3.0,0.9202453987730062,,851.5625,960.9375,109.375,7.431818181818182
207,324.0,918.1172839506173,862.5,965.0,65.3813578928239,62.17616580310881,69.56521739130434,1.41322431408741,6.764705882352941,0.0,37.0,19.70994533026965,,,8.792191511730586,5.62488582273598,0.0,0.0,7.0,2.1671826625387,,875.0,953.125,78.125,5.225806451612903
208,332.0,899.1905120481928,765.0,997.5,66.93215194031494,60.150375939849624,78.43137254901961,3.794645537829975,9.025679758308158,0.0,40.0,48.96301301074607,,,11.539576259191316,7.201082456942147,0.0,0.0,22.0,6.646525679758309,,820.3125,992.1875,171.875,12.296296296296296
209,335.0,889.3731343283582,817.5,970.0,67.52467947252964,61.855670103092784,73.39449541284404,2.037513295576144,7.522455089820359,0.0,30.0,26.91572332860964,,,9.347139240219326,5.556448405173794,0.0,0.0,4.0,1.1976047904191618,,828.125,953.125,125.0,7.976190476190476
210,323.0,921.0448916408669,772.5,975.0,65.17748308509701,61.53846153846154,77.66990291262135,1.5200730772770707,9.378881987577639,0.0,172.0,20.765374804379157,,,16.02195052266498,13.010193670673731,3.0,0.9316770186335404,17.0,5.279503105590062,,875.0,960.9375,85.9375,5.47457627118644
211,335.0,885.6007462686567,742.5,985.0,68.01338669811688,60.91370558375635,80.8080808080808,4.305405056503546,9.199101796407186,0.0,207.0,54.34571931570216,,,18.963398075420617,16.60761209419006,6.0,1.7964071856287425,16.0,4.790419161676647,,765.625,968.75,203.125,11.166666666666666
212,325.0,917.0769230769231,807.5,997.5,65.52216770348866,60.150375939849624,74.30340557275542,2.5623061693319573,9.945987654320987,0.0,37.0,34.87070814881194,,,12.554664422653124,7.673242638017546,0.0,0.0,32.0,9.876543209876543,,851.5625,976.5625,125.0,9.285714285714286
213,323.0,918.7886996904025,840.0,990.0,65.40206311276151,60.60606060606061,71.42857142857143,2.553905412605106,8.672360248447205,0.0,50.0,35.64649362526409,,,11.291117063167908,7.24170951621016,0.0,0.0,22.0,6.832298136645963,,851.5625,984.375,132.8125,9.228571428571428
214,322.0,929.7243788819876,855.0,1004.9999999999999,64.60347651808394,59.70149253731344,70.17543859649123,2.114856191097228,8.940809968847352,0.0,122.0,30.106560869703678,,,14.080909116872824,10.895123319834438,3.0,0.9345794392523363,22.0,6.853582554517133,,851.5625,992.1875,140.625,8.473684210526315
215,349.0,852.285100286533,717.5,952.5,70.58997553710695,62.99212598425197,83.62369337979094,3.802351915026595,8.807471264367816,0.0,125.0,43.03827013278763,,,12.359422642871879,8.683343016406434,1.0,0.28735632183908044,11.0,3.1609195402298855,,820.3125,898.4375,78.125,6.232142857142857
216,373.0,801.0991957104558,542.5,932.5,75.11359991394914,64.343163538874,110.59907834101382,4.296649135027312,9.321236559139784,0.0,272.0,41.013809725632655,,,23.28485988407035,21.36648006865666,5.0,1.3440860215053763,12.0,3.225806451612903,,742.1875,882.8125,140.625,9.81578947368421
217,368.0,809.0964673913044,775.0,897.5,74.19371018521002,66.85236768802228,77.41935483870968,1.6304899835528366,8.549046321525886,0.0,45.0,18.383651768264336,,,10.933132156275894,6.824521273911236,0.0,0.0,19.0,5.177111716621254,,773.4375,835.9375,62.5,4.433734939759036
218,379.0,788.4927440633245,680.0,855.0,76.21591310691258,70.17543859649123,88.23529411764706,3.1185801105533257,7.493386243386244,0.0,30.0,30.832776782672205,,,9.41152496934887,5.701927338450285,0.0,0.0,7.0,1.8518518518518516,,742.1875,851.5625,109.375,8.23913043478261
219,376.0,793.8364361702128,730.0,842.5,75.65299571830334,71.21661721068249,82.1917808219178,2.337746680326305,5.546666666666667,0.0,20.0,24.080111464121327,,,7.203394261658103,4.602157906624289,0.0,0.0,0.0,0.0,,742.1875,828.125,85.9375,5.611940298507463
220,369.0,805.4336043360433,355.0,867.5,74.9642630039128,69.164265129683,169.01408450704224,8.003994550200158,9.911684782608695,0.0,285.0,49.22157102300018,,,22.60442755142311,20.34313701657435,6.0,1.6304347826086956,19.0,5.163043478260869,,757.8125,859.375,101.5625,6.833333333333333
221,378.0,788.6772486772487,732.5,840.0,76.11847699497281,71.42857142857143,81.91126279863481,1.7891112125218835,6.757294429708223,0.0,27.0,18.456783297871105,,,8.514498479072776,5.187198450686458,0.0,0.0,7.0,1.8567639257294428,,750.0,828.125,78.125,5.641791044776119
222,375.0,794.8,732.5,845.0,75.5371901272721,71.00591715976331,81.91126279863481,1.8795399401853656,7.125668449197861,0.0,32.0,19.73045111316354,,,9.059493400701932,5.6020694462869285,0.0,0.0,9.0,2.406417112299465,,742.1875,828.125,85.9375,6.048387096774194
223,380.0,782.9736842105264,722.5,895.0,76.72457653279756,67.0391061452514,83.04498269896193,2.648345542856146,6.6094986807387865,0.0,27.0,27.802770160671724,,,8.430610766082257,5.2404374501227515,0.0,0.0,8.0,2.1108179419525066,,734.375,804.6875,70.3125,5.428571428571429
224,377.0,791.5649867374005,760.0,837.5,75.81740111290455,71.64179104477611,78.94736842105263,1.1707022701492604,5.651595744680851,0.0,17.0,12.336877969933738,,,7.06871666705838,4.251386924303861,0.0,0.0,0.0,0.0,,765.625,820.3125,54.6875,3.732673267326733
225,377.0,792.9907161803714,742.5,860.0,75.71601782264057,69.76744186046511,80.8080808080808,1.9988634108174634,6.183510638297872,0.0,30.0,21.12898694006367,,,8.080380757828765,5.2085411306065215,0.0,0.0,8.0,2.127659574468085,,750.0,843.75,93.75,5.626865671641791
226,371.0,800.5154986522911,740.0,882.5,75.01035920411908,67.98866855524079,81.08108108108108,2.0912564814518486,6.662162162162162,0.0,35.0,22.538293517547118,,,8.69262074436734,5.591220074800462,0.0,0.0,8.0,2.1621621621621623,,742.1875,820.3125,78.125,6.183333333333334
227,375.0,794.9733333333334,752.5,840.0,75.50188694636059,71.42857142857143,79.734219269103,1.4511148674516186,6.624331550802139,0.0,22.0,15.198363823890753,,,8.321738814598529,5.043568511692749,0.0,0.0,2.0,0.53475935828877,,757.8125,820.3125,62.5,4.573170731707317
228,398.0,741.4729899497487,615.0,820.0,81.16322329452363,73.17073170731707,97.5609756097561,4.494341499270382,6.309823677581864,0.0,170.0,40.30595921938041,,,12.742144564822329,11.084125534191717,3.0,0.7556675062972292,3.0,0.7556675062972292,,640.625,812.5,171.875,12.4375
229,371.0,802.5606469002695,770.0,835.0,74.77794152231905,71.8562874251497,77.92207792207792,1.135275616331854,4.304054054054054,0.0,25.0,12.219951121269466,,,5.705813378152698,3.7509266252632942,0.0,0.0,1.0,0.2702702702702703,,773.4375,828.125,54.6875,4.032608695652174
230,364.0,811.0370879120879,432.5,845.0,74.29571084223326,71.00591715976331,138.72832369942196,5.970111791225582,6.404958677685951,0.0,327.0,43.9566262580072,,,19.134000189951244,18.05504075105423,1.0,0.27548209366391185,9.0,2.479338842975207,,796.875,843.75,46.875,3.3703703703703702
231,358.0,839.7171787709498,715.0,902.5,71.48412099089933,66.4819944598338,83.91608391608392,1.5349987087275623,6.2745098039215685,0.0,187.0,17.308902244808376,9.5376239028668,11.725692281860995,13.983878022130167,12.51471443371152,3.0,0.8403361344537815,3.0,0.8403361344537815,,804.6875,875.0,70.3125,5.042253521126761
232,359.0,830.1462395543175,775.0,857.5,72.30302938358057,69.97084548104957,77.41935483870968,1.402924478135736,5.851955307262569,0.0,25.0,15.793585822668142,,,7.311409160388614,4.389206787346274,0.0,0.0,1.0,0.27932960893854747,,789.0625,851.5625,62.5,4.4875
233,360.0,814.1979166666666,675.0,915.0,73.80746118417834,65.57377049180327,88.88888888888889,2.9775279362957723,8.071030640668523,0.0,240.0,31.679815204929977,,,17.671624698144722,15.742780327113854,3.0,0.8356545961002786,9.0,2.5069637883008355,,773.4375,867.1875,93.75,6.206896551724138
234,375.0,796.4466666666667,732.5,840.0,75.37613507939945,71.42857142857143,81.91126279863481,1.799137394298873,6.43048128342246,0.0,22.0,18.44195680899241,,,8.119470557803472,4.963929547302931,0.0,0.0,3.0,0.8021390374331552,,765.625,820.3125,54.6875,4.310344827586207
235,360.0,828.7152777777778,777.5,875.0,72.43171190914526,68.57142857142857,77.17041800643086,1.4917574370473972,6.949860724233983,0.0,22.0,16.99168779025856,,,8.726340875168576,5.284529305486732,0.0,0.0,2.0,0.5571030640668524,,796.875,859.375,62.5,4.337349397590361
236,391.0,762.4936061381075,680.0,865.0,79.03770131553212,69.36416184971098,88.23529411764706,5.230816055183036,5.987179487179487,0.0,35.0,51.02438181048263,,,7.860716594854147,5.100121828636089,0.0,0.0,5.0,1.282051282051282,,664.0625,773.4375,109.375,9.536585365853659
237,397.0,754.3450881612091,680.0,830.0,79.62485208047444,72.28915662650603,88.23529411764706,2.5963394517339062,5.726010101010101,0.0,27.0,24.98181360642662,,,7.628222909189581,5.04647435717564,0.0,0.0,5.0,1.2626262626262625,,710.9375,773.4375,62.5,4.616279069767442
238,366.0,814.9248633879781,770.0,847.5,73.64501728791723,70.79646017699115,77.92207792207792,1.176432982123534,7.404109589041096,0.0,37.0,12.9214363406153,,,9.407989900749403,5.812227504097359,0.0,0.0,11.0,3.0136986301369864,,789.0625,835.9375,46.875,3.05
239,364.0,813.9766483516484,640.0,847.5,73.78173622111758,70.79646017699115,93.75,2.380774739489288,6.143250688705234,0.0,175.0,23.92003013434701,,,13.224200413787672,11.726840460835461,3.0,0.8264462809917356,6.0,1.6528925619834711,,789.0625,843.75,54.6875,3.5
240,379.0,787.3878627968338,740.0,847.5,76.27549320254279,70.79646017699115,81.08108108108108,2.3709322239991732,6.765873015873016,0.0,40.0,24.707137407937523,,,8.892918233571852,5.7788670523066585,0.0,0.0,7.0,1.8518518518518516,,742.1875,843.75,101.5625,7.018518518518518
241,381.0,789.8851706036745,715.0,857.5,76.03371800509773,69.97084548104957,83.91608391608392,2.3570719537595304,8.453947368421053,0.0,47.0,24.6600105390908,17.662566479987113,1.695470415312056,11.242382898905998,7.420704813349067,0.0,0.0,21.0,5.526315789473684,,742.1875,820.3125,78.125,4.822784810126582
242,361.0,826.3642659279778,740.0,895.0,72.66796979955606,67.0391061452514,81.08108108108108,2.119348380023386,9.340277777777779,0.0,40.0,23.789152716929692,,,12.061248290183745,7.641670631869912,0.0,0.0,30.0,8.333333333333332,,804.6875,867.1875,62.5,5.1571428571428575
243,369.0,805.9925474254743,697.5,897.5,74.70642193175125,66.85236768802228,86.02150537634408,4.474076513961834,7.948369565217392,0.0,40.0,47.761591481682835,,,10.200589528111328,6.40209537715435,0.0,0.0,14.0,3.804347826086957,,726.5625,890.625,164.0625,10.25
244,395.0,753.9715189873418,662.5,842.5,79.73314081850987,71.21661721068249,90.56603773584905,3.527193510185781,7.258883248730965,0.0,55.0,33.16156006907305,,,9.438133445981913,6.039831508659917,1.0,0.25380710659898476,8.0,2.030456852791878,,687.5,835.9375,148.4375,10.394736842105264
245,398.0,749.6733668341709,670.0,812.5,80.20898599232738,73.84615384615384,89.55223880597015,3.779351135880361,7.23551637279597,0.0,25.0,34.65739452954911,,,9.084626387909,5.500358700992887,0.0,0.0,8.0,2.0151133501259446,,664.0625,804.6875,140.625,8.652173913043478
246,359.0,833.8649025069637,710.0,912.5,72.0905982274206,65.75342465753425,84.50704225352112,3.1992919612559194,10.92877094972067,0.0,40.0,35.74659896201041,,,13.234034335926037,7.473798051107184,0.0,0.0,34.0,9.497206703910614,,765.625,906.25,140.625,9.447368421052632
247,338.0,881.2204142011834,815.0,922.5,68.1250324795206,65.04065040650407,73.61963190184049,1.6207486482037754,9.443620178041543,0.0,35.0,20.536414003536844,,,11.682464223202633,6.887581298323832,0.0,0.0,19.0,5.637982195845697,,859.375,921.875,62.5,4.506666666666667
248,340.0,877.4411764705883,810.0,922.5,68.44015700863693,65.04065040650407,74.07407407407408,2.0395813302646433,9.513274336283185,0.0,42.0,25.68865926058793,,,11.966747602457582,7.270253000737588,0.0,0.0,20.0,5.899705014749262,,828.125,921.875,93.75,6.938775510204081
249,359.0,836.3231197771588,727.5,905.0,71.84799044140959,66.29834254143647,82.47422680412372,2.8195822562411252,7.877094972067039,0.0,37.0,31.406505553432588,19.242391920341717,16.79872394969717,10.061351603506631,6.268327118977348,0.0,0.0,11.0,3.072625698324022,,789.0625,898.4375,109.375,7.479166666666667
250,351.0,848.7179487179487,765.0,890.0,70.73352880648031,67.41573033707866,78.43137254901961,1.6821109900125,7.207142857142857,0.0,27.0,19.583015740546845,,,8.951256894984079,5.316280919610023,0.0,0.0,5.0,1.4285714285714286,,812.5,882.8125,70.3125,4.743243243243243
251,351.0,847.8668091168091,807.5,882.5,70.78674745148086,67.98866855524079,74.30340557275542,1.2232591406548252,6.857142857142857,0.0,25.0,14.542007336011158,,,8.597393708062262,5.1934413241661135,0.0,0.0,4.0,1.1428571428571428,,804.6875,875.0,70.3125,4.808219178082192
252,349.0,854.8853868194842,817.5,892.5,70.20458068823139,67.22689075630252,73.39449541284404,1.177634933288711,7.794540229885057,0.0,35.0,14.369699469815444,,,9.803199981896599,5.9539683873408915,0.0,0.0,8.0,2.2988505747126435,,804.6875,882.8125,78.125,5.369230769230769
253,351.0,848.6965811965812,787.5,905.0,70.75244295173245,66.29834254143647,76.19047619047619,1.996592828278406,14.464285714285714,0.0,42.0,23.800356293697785,,,17.28800161962047,9.48242282391706,0.0,0.0,81.0,23.142857142857142,,789.0625,898.4375,109.375,7.468085106382978
254,346.0,858.1972543352601,732.5,942.5,70.10302681430261,63.6604774535809,81.91126279863481,3.718883301432024,11.746376811594203,0.0,40.0,43.861392555779936,,,14.712369093651304,8.87155935124804,0.0,0.0,48.0,13.91304347826087,,781.25,921.875,140.625,8.871794871794872
255,332.0,898.644578313253,827.5,970.0,66.83783997109143,61.855670103092784,72.50755287009063,2.185222675352146,18.194864048338367,0.0,60.0,29.153596796382672,,,21.939993004815648,12.278668527767758,5.0,1.5105740181268883,112.0,33.8368580060423,,843.75,960.9375,117.1875,7.377777777777778
256,335.0,890.6567164179105,807.5,970.0,67.43256860663075,61.855670103092784,74.30340557275542,2.130232682533087,19.221556886227546,0.0,57.0,27.937157412704707,,,22.77745322132176,12.238979000645264,4.0,1.1976047904191618,129.0,38.622754491017965,,843.75,945.3125,101.5625,6.090909090909091
257,333.0,895.4204204204204,827.5,970.0,67.0761836926533,61.855670103092784,72.50755287009063,2.1530227978399488,16.53614457831325,0.0,57.0,28.61860446474393,,,19.881993730478722,11.055212474446925,1.0,0.30120481927710846,109.0,32.831325301204814,,820.3125,960.9375,140.625,8.763157894736842
258,339.0,880.929203539823,747.5,962.5,68.24017695897881,62.33766233766234,80.2675585284281,3.083382488779665,11.642011834319527,0.0,180.0,37.43127161978115,,,17.821409196234875,13.513195104584913,3.0,0.8875739644970414,37.0,10.946745562130179,,828.125,945.3125,117.1875,8.268292682926829
259,448.0,653.6160714285714,227.5,895.0,106.13575527353744,67.0391061452514,263.7362637362637,48.48800775285189,16.582774049217,0.0,292.0,202.41907301180217,,,33.287636193210076,28.895435916287806,34.0,7.606263982102908,87.0,19.463087248322147,,695.3125,765.625,70.3125,12.444444444444445
260,437.0,680.3489702517162,387.5,840.0,88.69823730679286,71.42857142857143,154.83870967741936,7.580026223393045,9.094036697247706,0.0,277.0,46.96859058372836,,,22.37565987443753,20.46776731448815,9.0,2.064220183486239,23.0,5.275229357798166,,625.0,765.625,140.625,8.568627450980392
261,399.0,746.9110275689223,690.0,780.0,80.36225478512834,76.92307692307692,86.95652173913044,1.6079778483686011,4.886934673366834,0.0,22.0,14.63106520530722,,,6.340426249482414,4.044747210983582,0.0,0.0,1.0,0.25125628140703515,,718.75,765.625,46.875,3.2704918032786887
262,397.0,751.9017632241813,712.5,787.5,79.81991180531408,76.19047619047619,84.21052631578948,1.3336489041363695,4.6022727272727275,0.0,17.0,12.581831124144868,,,5.827468191409158,3.5792208406095134,0.0,0.0,0.0,0.0,,718.75,765.625,46.875,3.2016129032258065
263,397.0,752.8494962216624,705.0,785.0,79.72113885344146,76.43312101910828,85.1063829787234,1.3923704511141617,4.33080808080808,0.0,20.0,12.980120401190618,,,5.837728322703702,3.9194344210351693,0.0,0.0,0.0,0.0,,734.375,765.625,31.25,2.6466666666666665
264,385.0,774.7532467532468,722.5,845.0,77.51268453266762,71.00591715976331,83.04498269896193,2.298871997819384,6.536458333333333,0.0,40.0,23.222713515541024,,,8.416254115301731,5.308618929950526,0.0,0.0,4.0,1.0416666666666665,,734.375,835.9375,101.5625,6.754385964912281
265,374.0,792.1122994652407,557.5,892.5,75.86043243254515,67.22689075630252,107.62331838565022,3.215190345110575,10.435656836461126,0.0,292.0,28.397383090948743,,,26.410843876384085,24.294280781016518,9.0,2.4128686327077746,18.0,4.825737265415549,,742.1875,828.125,85.9375,5.936507936507937
266,365.0,815.6575342465753,732.5,872.5,73.74237670214296,68.76790830945559,81.91126279863481,3.7156381051494294,6.21565934065934,0.0,22.0,40.11460887945574,,,7.8282122220470365,4.765382730361446,0.0,0.0,1.0,0.27472527472527475,,757.8125,867.1875,109.375,7.1568627450980395
267,345.0,865.7898550724638,822.5,900.0,69.31212260109994,66.66666666666667,72.94832826747721,0.8863605582771495,4.71656976744186,0.0,25.0,11.01545089450121,,,6.116302557652309,3.899658186533109,0.0,0.0,1.0,0.29069767441860467,,843.75,890.625,46.875,3.0
268,354.0,840.9887005649717,727.5,890.0,71.53428597427617,67.41573033707866,82.47422680412372,3.7783673902373773,6.232294617563739,0.0,37.0,42.373134885580306,,,7.945161431929155,4.934884282599834,0.0,0.0,3.0,0.84985835694051,,835.9375,882.8125,46.875,4.985915492957746
269,405.0,744.9938271604939,567.5,792.5,80.6619544337395,75.70977917981072,105.72687224669603,3.3035883687745207,5.612623762376238,0.0,142.0,28.26953306210169,15.302185180447383,32.05286895565136,13.109963097802472,11.862457526071308,6.0,1.4851485148514851,8.0,1.9801980198019802,,695.3125,789.0625,93.75,6.532258064516129
270,416.0,723.2932692307693,680.0,770.0,83.00384229480566,77.92207792207792,88.23529411764706,2.0399435452473873,5.734939759036145,0.0,32.0,17.756029598919394,8.819150053890109,24.304660619044828,7.649612164355801,5.068425127128655,0.0,0.0,4.0,0.9638554216867471,,671.875,765.625,93.75,6.117647058823529
271,391.0,758.6029411764706,552.5,835.0,79.20038856189431,71.8562874251497,108.5972850678733,3.018513479031598,6.198717948717949,0.0,200.0,27.34771186493539,,,14.920936575516912,13.589841510045035,2.0,0.5128205128205128,5.0,1.282051282051282,,710.9375,804.6875,93.75,5.430555555555555
272,375.0,795.48,740.0,847.5,75.47879517646629,70.79646017699115,81.08108108108108,1.9999563702654122,7.225935828877005,0.0,27.0,21.00347564820672,,,8.994390705941287,5.363004645436196,0.0,0.0,5.0,1.3368983957219251,,734.375,843.75,109.375,6.696428571428571
273,388.0,774.1720360824743,400.0,825.0,77.9470299124826,72.72727272727273,150.0,7.75546680630201,6.776485788113695,0.0,312.0,45.29191629596797,24.439060056169634,10.05160511628552,21.082138336695007,19.989203920357014,3.0,0.7751937984496124,5.0,1.2919896640826873,,734.375,812.5,78.125,4.674698795180723
274,382.0,782.4705497382199,702.5,842.5,76.79207604883577,71.21661721068249,85.40925266903915,2.958232373426217,5.866141732283465,0.0,22.0,29.695996574832588,,,7.438046097348532,4.579076861023119,0.0,0.0,3.0,0.7874015748031495,,703.125,835.9375,132.8125,8.127659574468085
275,376.0,793.9128989361702,732.5,850.0,75.64714339145492,70.58823529411765,81.91126279863481,2.333896689180352,7.1466666666666665,0.0,37.0,24.607060388261267,,,9.272944516171764,5.916587268177557,0.0,0.0,9.0,2.4,,742.1875,843.75,101.5625,7.833333333333333
276,355.0,840.3380281690141,770.0,910.0,71.45741597122964,65.93406593406593,77.92207792207792,2.0405848515992733,6.016949152542373,0.0,40.0,23.801612762840225,,,7.867637352733302,5.076301185455069,0.0,0.0,4.0,1.1299435028248588,,796.875,898.4375,101.5625,7.395833333333333
277,345.0,864.5144927536232,820.0,892.5,69.41783079323385,67.22689075630252,73.17073170731707,1.0159798818174701,5.486918604651163,0.0,20.0,12.559443257203188,,,6.98966221694416,4.336330734417457,0.0,0.0,0.0,0.0,,828.125,890.625,62.5,4.0588235294117645
278,369.0,805.1050135501355,740.0,880.0,74.61672788981373,68.18181818181819,81.08108108108108,2.6426066939843147,6.5625,0.0,60.0,28.21275945877148,,,9.076388657877128,6.278658184054051,2.0,0.5434782608695652,6.0,1.6304347826086956,,742.1875,851.5625,109.375,6.254237288135593
279,358.0,829.647346368715,727.5,872.5,72.39380352082406,68.76790830945559,82.47422680412372,2.3870380374872946,6.428571428571429,0.0,25.0,25.80047315859583,,,8.054056253146705,4.858746622326368,0.0,0.0,3.0,0.8403361344537815,,789.0625,867.1875,78.125,5.264705882352941
280,368.0,815.6589673913044,615.0,860.0,73.65711761935397,69.76744186046511,97.5609756097561,2.8894077572163908,9.516348773841962,0.0,240.0,27.649623188736285,14.704296247594757,20.85435156094792,19.700427271907863,17.27306885765957,9.0,2.452316076294278,13.0,3.5422343324250685,,781.25,851.5625,70.3125,4.906666666666666
281,351.0,848.9529914529915,787.5,887.5,70.70627941528701,67.6056338028169,76.19047619047619,1.493527314198855,6.642857142857143,0.0,27.0,17.675364159431005,,,8.398554297360606,5.146244393233917,0.0,0.0,5.0,1.4285714285714286,,812.5,882.8125,70.3125,4.875
282,351.0,853.5683760683761,802.5,890.0,70.3265304366527,67.41573033707866,74.76635514018692,1.5416150540877267,6.635714285714286,0.0,22.0,18.54742831417868,,,8.148181216864113,4.735422079150246,0.0,0.0,2.0,0.5714285714285714,,789.0625,882.8125,93.75,6.381818181818182
283,359.0,830.1323119777159,797.5,867.5,72.29073060916873,69.164265129683,75.23510971786834,0.9737574057495059,6.0195530726256985,0.0,20.0,11.197498870403042,,,7.516276565415966,4.507343254852393,0.0,0.0,0.0,0.0,,796.875,851.5625,54.6875,3.7395833333333335
284,363.0,821.7493112947658,790.0,860.0,73.03556574685577,69.76744186046511,75.9493670886076,1.2274923799676882,7.997237569060774,0.0,32.0,13.829984572705817,,,9.64851919477459,5.405444377008581,0.0,0.0,5.0,1.3812154696132597,,789.0625,851.5625,62.5,3.989010989010989
285,369.0,808.7127371273713,747.5,850.0,74.23128331248903,70.58823529411765,80.2675585284281,1.7287100426667126,6.576086956521739,0.0,22.0,18.44506017700749,,,8.06310033154256,4.672042643912018,0.0,0.0,2.0,0.5434782608695652,,781.25,835.9375,54.6875,3.5142857142857142
286,367.0,813.3106267029973,775.0,855.0,73.7989465468747,70.17543859649123,77.41935483870968,1.3998335925987908,7.909836065573771,0.0,27.0,15.382428105306177,,,9.883197641877619,5.933657097304692,0.0,0.0,12.0,3.278688524590164,,773.4375,843.75,70.3125,4.170454545454546
287,366.0,814.3237704918033,780.0,850.0,73.69915067778086,70.58823529411765,76.92307692307692,1.1648471119188566,7.191780821917808,0.0,27.0,12.88929503760232,,,8.946186146919953,5.328256457313773,0.0,0.0,4.0,1.095890410958904,,781.25,835.9375,54.6875,3.66
288,365.0,817.917808219178,770.0,857.5,73.38734899728387,69.97084548104957,77.92207792207792,1.4989204045321334,10.233516483516484,0.0,30.0,16.609405372596907,,,12.1078600390521,6.48002888706046,0.0,0.0,17.0,4.670329670329671,,781.25,851.5625,70.3125,4.244186046511628
289,369.0,809.810298102981,762.5,867.5,74.1374280259583,69.164265129683,78.68852459016394,1.8505162617234885,9.82336956521739,0.0,37.0,20.195997563228627,,,11.710096442628137,6.382669617713302,0.0,0.0,16.0,4.3478260869565215,,757.8125,843.75,85.9375,5.125
290,367.0,808.9850136239781,737.5,850.0,74.22633839313724,70.58823529411765,81.35593220338983,2.138122915067386,5.027322404371585,0.0,20.0,22.522816909016395,,,6.462777990111262,4.066782086869797,0.0,0.0,0.0,0.0,,773.4375,835.9375,62.5,4.475609756097561
291,373.0,802.2386058981233,750.0,860.0,74.87317738103079,69.76744186046511,80.0,2.484876939463344,5.188172043010753,0.0,30.0,26.706200403403315,,,6.802217380407846,4.405132988862732,0.0,0.0,3.0,0.8064516129032258,,742.1875,859.375,117.1875,7.46
292,379.0,786.9327176781003,710.0,872.5,76.36572174333055,68.76790830945559,84.50704225352112,3.0187401396019373,8.062169312169312,0.0,105.0,31.472674306690678,,,11.913026231966725,8.782121390229417,3.0,0.7936507936507936,14.0,3.7037037037037033,,726.5625,851.5625,125.0,6.767857142857143
293,383.0,780.9171018276762,732.5,827.5,76.88457088847316,72.50755287009063,81.91126279863481,1.996157672149381,6.9109947643979055,0.0,25.0,20.338405803061924,,,8.627366129652696,5.171034388363879,0.0,0.0,5.0,1.3089005235602094,,726.5625,820.3125,93.75,6.839285714285714
294,376.0,795.7446808510638,745.0,845.0,75.44547449722634,71.00591715976331,80.53691275167785,1.8337447424750783,6.5,0.0,22.0,19.329355178877687,,,8.370384300217841,5.280880659015062,0.0,0.0,2.0,0.5333333333333333,,742.1875,828.125,85.9375,5.968253968253968
295,368.0,811.1752717391304,722.5,865.0,74.034762765174,69.36416184971098,83.04498269896193,2.2555477396538444,8.569482288828338,0.0,37.0,24.544790008211724,,,11.093177322402587,7.053944794435013,0.0,0.0,21.0,5.722070844686648,,757.8125,859.375,101.5625,7.829787234042553
296,381.0,785.8497375328084,610.0,875.0,76.53950206867074,68.57142857142857,98.36065573770492,3.8000719704186787,8.111842105263158,0.0,147.0,39.35214056950003,,,13.829960881450683,11.215920829916472,3.0,0.7894736842105263,14.0,3.684210526315789,,734.375,812.5,78.125,6.35
297,,,,,,,,,,,,,,,,,,,,,,,,,
298,,,,,,,,,,,,,,,,,,,,,,,,,
299,,,,,,,,,,,,,,,,,,,,,,,,,
300,,,,,,,,,,,,,,,,,,,,,,,,,
301,,,,,,,,,,,,,,,,,,,,,,,,,
302,,,,,,,,,,,,,,,,,,,,,,,,,
303,,,,,,,,,,,,,,,,,,,,,,,,,
304,,,,,,,,,,,,,,,,,,,,,,,,,
305,,,,,,,,,,,,,,,,,,,,,,,,,
306,,,,,,,,,,,,,,,,,,,,,,,,,
307,,,,,,,,,,,,,,,,,,,,,,,,,
308,,,,,,,,,,,,,,,,,,,,,,,,,
309,,,,,,,,,,,,,,,,,,,,,,,,,
